Aleutians East ,AK,55229183,-161915191
Aleutians West ,AK,52242645,-175129755
Anchorage,AK,61178368,-149186416
Bethel,AK,60939161,-160147317
Bristol Bay,AK,58744623,-156988097
Dillingham,AK,59949649,-158429855
Fairbanks North Star,AK,64846315,-146643388
Haines,AK,59155973,-135443717
Juneau,AK,58388588,-134133421
Kenai Peninsula,AK,60202478,-151629576
Ketchikan Gateway,AK,55541150,-131408008
Kodiak Island,AK,57707368,-153782518
Lake and Peninsula,AK,58401493,-156184669
Matanuska-Susitna,AK,62395317,-149575328
Nome,AK,64735328,-164186608
North Slope,AK,69296886,-153448095
Northwest Arctic,AK,67000678,-159998166
Prince of Wales-Outer Ketchikan,AK,55454038,-132050372
Sitka,AK,57214050,-135446833
Skagway-Yakutat-Angoon,AK,58811136,-136622061
Southeast,AK,63765233,-143598085
Valdez-Cordova,AK,61400254,-144503102
Wade,AK,62087611,-163529421
Wrangell-Petersburg,AK,56518015,-132961816
Yukon-Koyukuk,AK,65285776,-151646937
Autauga,AL,32542207,-86641472
Baldwin,AL,30654881,-87754736
Barbour,AL,31863073,-85388993
Bibb,AL,32996943,-87126855
Blount,AL,33979740,-86566214
Bullock,AL,32101773,-85717786
Butler,AL,31751982,-86682302
Calhoun,AL,33774548,-85825619
Chambers,AL,32915184,-85389802
Cherokee,AL,34187088,-85605750
Chilton,AL,32844987,-86718688
Choctaw,AL,32024863,-88265781
Clarke,AL,31677523,-87835981
Clay,AL,33268721,-85859858
Cleburne,AL,33670870,-85517385
Coffee,AL,31402888,-85989130
Colbert,AL,34707296,-87796569
Conecuh,AL,31428183,-86992999
Coosa,AL,32935503,-86239249
Covington,AL,31248133,-86453162
Crenshaw,AL,31731354,-86311599
Cullman,AL,34131670,-86866896
Dale,AL,31426115,-85612338
Dallas,AL,32329593,-87109517
DeKalb,AL,34459830,-85798731
Elmore,AL,32599910,-86138157
Escambia,AL,31136909,-87162695
Etowah,AL,34047533,-86038250
Fayette,AL,33729772,-87735378
Franklin,AL,34435932,-87843648
Geneva,AL,31094395,-85837337
Greene,AL,32854779,-87951231
Hale,AL,32755765,-87625424
Henry,AL,31516095,-85239835
Houston,AL,31151186,-85304578
Jackson,AL,34776174,-86002129
Jefferson,AL,33552433,-86896716
Lamar,AL,33775081,-88096415
Lauderdale,AL,34903733,-87647581
Lawrence,AL,34519990,-87310217
Lee,AL,32597367,-85355886
Limestone,AL,34810321,-86981426
Lowndes,AL,32157500,-86642632
Macon,AL,32384887,-85692573
Madison,AL,34760002,-86548777
Marengo,AL,32248548,-87790375
Marion,AL,34134472,-87886567
Marshall,AL,34365158,-86313058
Mobile,AL,30684350,-88198527
Monroe,AL,31562730,-87353102
Montgomery,AL,32224349,-86203795
Morgan,AL,34453298,-86857298
Perry,AL,32638846,-87293685
Pickens,AL,33283797,-88084083
Pike,AL,31806086,-85938912
Randolph,AL,33290802,-85456433
Russell,AL,32287341,-85184114
St. Clair,AL,33712571,-86318306
Shelby,AL,33266792,-86654667
Sumter,AL,32593446,-88193795
Talladega,AL,33383988,-86169488
Tallapoosa,AL,32860832,-85797597
Tuscaloosa,AL,33287940,-87523765
Walker,AL,33807130,-87295532
Washington,AL,31402696,-88202751
Wilcox,AL,31990903,-87308887
Winston,AL,34154535,-87373481
Arkansas,AR,34288872,-91376344
Ashley,AR,33190783,-91772262
Baxter,AR,36286225,-92339841
Benton,AR,36337987,-94257842
Boone,AR,36313592,-93092833
Bradley,AR,33463242,-92168367
Calhoun,AR,33554153,-92497141
Carroll,AR,36337153,-93541961
Chicot,AR,33266340,-91297700
Clark,AR,34053832,-93176507
Clay,AR,36376360,-90421474
Cleburne,AR,35542425,-92028995
Cleveland,AR,33894438,-92187914
Columbia,AR,33215092,-93226530
Conway,AR,35263495,-92695052
Craighead,AR,35828124,-90631882
Crawford,AR,35579452,-94246370
Crittenden,AR,35212638,-90314064
Cross,AR,35300011,-90771434
Dallas,AR,33966853,-92657033
Desha,AR,33831260,-91259304
Drew,AR,33589683,-91716904
Faulkner,AR,35147169,-92335289
Franklin,AR,35512250,-93891926
Fulton,AR,36383112,-91818910
Garland,AR,34573320,-93153957
Grant,AR,34287458,-92423425
Greene,AR,36119053,-90562264
Hempstead,AR,33731300,-93664959
Hot Springs,AR,34320144,-92945112
Howard,AR,34089827,-93989511
Independence,AR,35744099,-91566218
Izard,AR,36094609,-91911006
Jackson,AR,35600258,-91213910
Jefferson,AR,34269210,-91929077
Johnson,AR,35569018,-93461165
Lafayette,AR,33235524,-93610593
Lawrence,AR,36043049,-91114974
Lee,AR,34779637,-90780318
Lincoln,AR,33953221,-91733936
Little River,AR,33700236,-94235637
Logan,AR,35215114,-93712628
Lonoke,AR,34740315,-91853009
Madison,AR,36012240,-93723070
Marion,AR,36262962,-92679917
Miller,AR,33311498,-93880562
Missiiiippi,AR,35764082,-90054475
Monroe,AR,34680279,-91203053
Montgomery,AR,34545966,-93660190
Nevada,AR,33666725,-93302881
Newton,AR,35917735,-93223087
Ouachita,AR,33591134,-92879263
Perry,AR,34946973,-92934055
Phillips,AR,34425633,-90852019
Pike,AR,34166363,-93654743
Poinsett,AR,35577391,-90663212
Polk,AR,34474769,-94224002
Pope,AR,35446432,-93035762
Prairie,AR,34827607,-91557246
Pulaski,AR,34770100,-92310815
Randolph,AR,36342062,-91028073
St. Francis,AR,35021644,-90747325
Saline,AR,34648426,-92674589
Scott,AR,34858644,-94063491
Searcy,AR,35917529,-92703260
Sebastian,AR,35199151,-94275394
Sevier,AR,33998508,-94237697
Sharp,AR,36153912,-91481513
Stone,AR,35862902,-92153495
Union,AR,33170291,-92594441
Van Buren,AR,35581189,-92519040
Washington,AR,35985741,-94214352
White,AR,35254806,-91745790
Woodruff,AR,35187551,-91241026
Yell,AR,34997776,-93406902
Apache,AZ,35383620,-109488456
Cochise,AZ,31890821,-109736956
Coconino,AZ,35835573,-111768163
Gila,AZ,33797288,-110818155
Graham,AZ,32936517,-109891347
Greenlee,AZ,33185081,-109232988
La Paz,AZ,33727923,-113979016
Maricopa,AZ,33342656,-112490919
Mohave,AZ,35708232,-113753337
Navajo,AZ,35387551,-110319661
Pima,AZ,32103960,-111814821
Pinal,AZ,32909084,-111346897
Santa Cruz,AZ,31523864,-110836469
Yavapai,AZ,34595236,-112554041
Yuma,AZ,32764761,-113897214
Alameda,CA,37653853,-121913948
Alpine,CA,38579180,-119804453
Amador,CA,38444419,-120655265
Butte,CA,39662375,-121596065
Calaveras,CA,38207542,-120551793
Colusa,CA,39176482,-122235120
Contra Costa,CA,37933350,-121948700
Del Norte,CA,41737320,-123956960
El Dorado,CA,38775488,-120527585
Fresno,CA,36753992,-119647934
Glenn,CA,39594777,-122391742
Humboldt,CA,40700416,-123911969
Imperial,CA,33038512,-115352917
Inyo,CA,36589328,-117483183
Kern,CA,35338498,-118724910
Kings,CA,36072642,-119814766
Lake,CA,39090857,-122762036
Lassen,CA,40652341,-120577604
Los Angeles,CA,34184667,-118261988
Madera,CA,37219685,-119765135
Marin,CA,38035300,-122743465
Mariposa,CA,37578193,-119909601
Mendocino,CA,39431152,-123431626
Merced,CA,37189464,-120711131
Modoc,CA,41595361,-120718555
Mono,CA,37910550,-118873970
Monterey,CA,36239310,-121310622
Napa,CA,38502833,-122323151
Nevada,CA,39304003,-120766234
Orange,CA,33674967,-117777399
Placer,CA,39064980,-120727661
Plumas,CA,40010792,-120834136
Riverside,CA,33727917,-115977297
Sacramento,CA,38445368,-121349033
San Benito,CA,36611964,-121084212
San Bernardino,CA,34828251,-116191349
San Diego,CA,33020561,-116771868
San Francisco,CA,37793250,-122554783
San Joaquin,CA,37932561,-121270600
San Luis Obispo,CA,35381635,-120445529
San Mateo,CA,37436567,-122356471
Santa Barbara,CA,34536645,-120025949
Santa Clara,CA,37232600,-121686315
Santa Cruz,CA,37025900,-122007235
Shasta,CA,40760008,-122038133
Sierra,CA,39590741,-120499150
Siskiyou,CA,41589207,-122533064
Solano,CA,38267400,-121938347
Sonoma,CA,38512470,-122928697
Stanislaus,CA,37562401,-120993750
Sutter,CA,39039974,-121689128
Tehama,CA,40129251,-122233448
Trinity,CA,40657296,-123118229
Tulare,CA,36227815,-118796611
Tuolumne,CA,38018666,-119944921
Ventura,CA,34356248,-119146228
Yolo,CA,38701200,-121882611
Yuba,CA,39270692,-121352619
Adams,CO,39870594,-104350313
Alamosa,CO,37571634,-105784847
Arapahoe,CO,39644335,-104331552
Archuleta,CO,37186710,-107052349
Baca,CO,37320937,-102556991
Bent,CO,37954862,-103076652
Boulder,CO,40088471,-105357295
Chaffee,CO,38737034,-106175994
Cheyenne,CO,38820224,-102587596
Clear Creek,CO,39687705,-105635856
Conejos,CO,37206085,-106194112
Costilla,CO,37276261,-105427953
Crowley,CO,38327049,-103785398
Custer,CO,38092794,-105360548
Delta,CO,38862219,-107861186
Denver,CO,39768035,-104872655
Dolores,CO,37754722,-108521796
Douglas,CO,39346424,-104930454
Eagle,CO,39624387,-106703546
Elbert,CO,39282065,-104128464
El Paso,CO,38837901,-104521087
Fremont,CO,38476215,-105437970
Garfield,CO,39603247,-107896925
Gilpin,CO,39858816,-105519522
Grand,CO,40101500,-106118050
Gunnison,CO,38668937,-107013567
Hinsdale,CO,37821179,-107279829
Huerfano,CO,37686839,-104958585
Jackson,CO,40662438,-106338973
Jefferson,CO,39587467,-105246813
Kiowa,CO,38433599,-102740735
Kit Carson,CO,39305339,-102602452
Lake,CO,39189931,-106358091
La Plata,CO,37285784,-107846076
Larimer,CO,40648764,-105456325
Las Animas,CO,37320189,-104043298
Lincoln,CO,38978727,-103523258
Logan,CO,40729106,-103105037
Mesa,CO,39021885,-108468152
Mineral,CO,37692655,-106926879
Moffat,CO,40608316,-108202444
Montezuma,CO,37335739,-108595519
Montrose,CO,38405803,-108269076
Morgan,CO,40263386,-103807282
Otero,CO,37895624,-103711148
Ouray,CO,38156773,-107765790
Park,CO,39116743,-105713562
Phillips,CO,40593813,-102348564
Pitkin,CO,39220673,-106921365
Prowers,CO,37955682,-102395291
Pueblo,CO,38152996,-104506384
Rio Blanco,CO,39975262,-108199107
Rio Grande,CO,37606496,-106388011
Routt,CO,40484190,-106987384
Saguache,CO,38079466,-106298793
San Juan,CO,37770293,-107667201
San Miguel,CO,38013248,-108426142
Sedgwick,CO,40877059,-102352967
Summit,CO,39618528,-106107845
Teller,CO,38881039,-105154213
Washington,CO,39975530,-103200802
Weld,CO,40544755,-104403026
Yuma,CO,40000314,-102422375
Fairfield,CT,41225499,-73371027
Hartford,CT,41807100,-72734983
Litchfield,CT,41794783,-73244573
Middlesex,CT,41435120,-72523893
New Haven,CT,41348967,-72900347
New London,CT,41467300,-72104339
Tolland,CT,41853000,-72332954
Windham,CT,41834216,-71988490
District of Columbia,DC,38905050,-77016167
Kent,DE,39097086,-75503073
New Castle,DE,39580568,-75638048
Sussex,DE,38683270,-75341817
Alachua,FL,29676032,-82358340
Baker,FL,30323793,-82273806
Bay,FL,30236006,-85632422
Bradford,FL,29949503,-82168177
Brevard,FL,28299334,-80701041
Broward,FL,26146138,-80452893
Calhoun,FL,30410180,-85197404
Charlotte,FL,26898308,-81954072
Citrus,FL,28849240,-82516378
Clay,FL,29976759,-81857936
Collier,FL,26082939,-81400686
Columbia,FL,30225177,-82625028
Dade,FL,25606400,-80502124
DeSoto,FL,27190624,-81806155
Dixie,FL,29585555,-83193638
Duval,FL,30334150,-81648509
Escambia,FL,30607280,-87332598
Flagler,FL,29469979,-81296926
Franklin,FL,29801578,-84816733
Gadsden,FL,30581582,-84612367
Gilchrist,FL,29734195,-82802705
Glades,FL,26954363,-81186194
Gulf,FL,29900149,-85242231
Hamilton,FL,30491675,-82948911
Hardee,FL,27493625,-81809276
Hendry,FL,26553696,-81173157
Hernando,FL,28553015,-82468232
Highlands,FL,27340557,-81342583
Hillsborough,FL,27906325,-82346095
Holmes,FL,30867450,-85812332
Indian River,FL,27697840,-80578968
Jackson,FL,30797108,-85212767
Jefferson,FL,30420936,-83896458
Lafayette,FL,29988319,-83179529
Lake,FL,28765579,-81717405
Lee,FL,26577579,-81921462
Leon,FL,30456900,-84279084
Levy,FL,29277485,-82789848
Liberty,FL,30232796,-84886906
Madison,FL,30451966,-83467226
Manatee,FL,27481355,-82359737
Marion,FL,29211533,-82059049
Martin,FL,27079690,-80396904
Monroe,FL,25117067,-81150319
Nassau,FL,30610692,-81767656
Okaloosa,FL,30668312,-86593016
Okeechobee,FL,27385038,-80889832
Orange,FL,28513955,-81322127
Osceola,FL,28058084,-81146851
Palm Beach,FL,26641412,-80437015
Pasco,FL,28300958,-82438570
Pinellas,FL,27902616,-82738949
Polk,FL,27959784,-81700070
Putnam,FL,29605267,-81740382
St. Johns,FL,29907781,-81406762
St. Lucie,FL,27378077,-80444473
Santa Rosa,FL,30696031,-87016380
Sarasota,FL,27194506,-82369354
Seminole,FL,28708658,-81227100
Sumter,FL,28708136,-82079177
Suwannee,FL,30186710,-82993463
Taylor,FL,30018776,-83615892
Union,FL,30042652,-82374033
Volusia,FL,29067589,-81138499
Wakulla,FL,30152673,-84381252
Walton,FL,30614519,-86170814
Washington,FL,30613161,-85670694
Appling,GA,31753389,-82285580
Atkinson,GA,31294857,-82874736
Bacon,GA,31556775,-82451152
Baker,GA,31330837,-84454013
Baldwin,GA,33071932,-83250851
Banks,GA,34352696,-83500539
Barrow,GA,33993471,-83711811
Bartow,GA,34238402,-84839182
Ben Hill,GA,31759395,-83219755
Berrien,GA,31274242,-83231790
Bibb,GA,32804510,-83699153
Bleckley,GA,32435521,-83331211
Brantley,GA,31197017,-81983226
Brooks,GA,30846525,-83577257
Bryan,GA,32020373,-81437630
Bulloch,GA,32390705,-81743912
Burke,GA,33058372,-81999393
Butts,GA,33288338,-83957134
Calhoun,GA,31527925,-84618910
Camden,GA,30918946,-81637831
Candler,GA,32401337,-82074981
Carroll,GA,33582760,-85079029
Catoosa,GA,34902216,-85136429
Charlton,GA,30778898,-82139931
Chatham,GA,31968396,-81085242
Chattahoochee,GA,32347545,-84787802
Chattooga,GA,34476634,-85345765
Cherokee,GA,34244526,-84474300
Clarke,GA,33951967,-83366020
Clay,GA,31621085,-84992951
Clayton,GA,33542550,-84357031
Clinch,GA,30917580,-82702842
Cobb,GA,33941761,-84577005
Coffee,GA,31546929,-82851471
Colquitt,GA,31186498,-83768332
Columbia,GA,33548579,-82261233
Cook,GA,31154784,-83430769
Coweta,GA,33352613,-84762598
Crawford,GA,32709817,-83979679
Crisp,GA,31925397,-83771586
Dade,GA,34854620,-85504714
Dawson,GA,34440009,-84171192
Decatur,GA,30878764,-84579633
DeKalb,GA,33770950,-84227007
Dodge,GA,32173280,-83166242
Dooly,GA,32160916,-83798374
Dougherty,GA,31538320,-84215784
Douglas,GA,33700300,-84767287
Early,GA,31330419,-84909200
Echols,GA,30716702,-82898962
Effingham,GA,32370383,-81343480
Elbert,GA,34114998,-82839768
Emanuel,GA,32586937,-82304173
Evans,GA,32158071,-81890873
Fannin,GA,34864145,-84319284
Fayette,GA,33414957,-84492885
Floyd,GA,34263300,-85215026
Forsyth,GA,34223775,-84126721
Franklin,GA,34373292,-83227670
Fulton,GA,33789400,-84467156
Gilmer,GA,34688240,-84457861
Glascock,GA,33231080,-82606939
Glynn,GA,31216954,-81494234
Gordon,GA,34504226,-84871583
Grady,GA,30875070,-84232937
Greene,GA,33581246,-83167565
Gwinnett,GA,33958950,-84025104
Habersham,GA,34630446,-83529331
Hall,GA,34315842,-83820888
Hancock,GA,33269582,-83000842
Haralson,GA,33791007,-85209002
Harris,GA,32740744,-84906073
Hart,GA,34353352,-82959161
Heard,GA,33299664,-85129214
Henry,GA,33456100,-84155399
Houston,GA,32458332,-83668346
Irwin,GA,31602342,-83274287
Jackson,GA,34133324,-83562739
Jasper,GA,33316303,-83687344
Jeff Davis,GA,31801589,-82635986
Jefferson,GA,33053978,-82415300
Jenkins,GA,32788661,-81960423
Johnson,GA,32702215,-82656169
Jones,GA,33026479,-83566095
Lamar,GA,33072999,-84135219
Lanier,GA,31037052,-83063272
Laurens,GA,32462848,-82929510
Lee,GA,31776588,-84137311
Liberty,GA,31800000,-81461920
Lincoln,GA,33792692,-82452133
Long,GA,31758810,-81747016
Lowndes,GA,30834683,-83267821
Lumpkin,GA,34574497,-84002249
McDuffie,GA,33477725,-82481896
McIntosh,GA,31479990,-81372387
Macon,GA,32354068,-84037633
Madison,GA,34128469,-83209780
Marion,GA,32352715,-84526148
Meriwether,GA,33043407,-84685011
Miller,GA,31164500,-84729419
Mitchell,GA,31223831,-84194640
Monroe,GA,33012811,-83913119
Montgomery,GA,32167566,-82529808
Morgan,GA,33592845,-83493073
Murray,GA,34781931,-84748226
Muscogee,GA,32510710,-84874972
Newton,GA,33553175,-83844381
Oconee,GA,33837330,-83437276
Oglethorpe,GA,33880977,-83082008
Paulding,GA,33922531,-84865844
Peach,GA,32563716,-83827738
Pickens,GA,34464521,-84464975
Pierce,GA,31356236,-82215188
Pike,GA,33090004,-84386390
Polk,GA,33999159,-85182021
Pulaski,GA,32237077,-83473603
Putnam,GA,33320571,-83373019
Quitman,GA,31858975,-85011921
Rabun,GA,34881290,-83401430
Randolph,GA,31762757,-84758027
Richmond,GA,33359384,-82074001
Rockdale,GA,33650167,-84026565
Schley,GA,32262828,-84320463
Screven,GA,32748714,-81614410
Seminole,GA,30933148,-84867046
Spalding,GA,33262043,-84284937
Stephens,GA,34555807,-83293956
Stewart,GA,32078127,-84837038
Sumter,GA,32042343,-84196432
Talbot,GA,32707564,-84528309
Taliaferro,GA,33566813,-82883238
Tattnall,GA,32042662,-82060640
Taylor,GA,32554326,-84251439
Telfair,GA,31934755,-82940983
Terrell,GA,31775549,-84435892
Thomas,GA,30864817,-83918530
Tift,GA,31456643,-83526087
Toombs,GA,32123112,-82335415
Towns,GA,34918638,-83739078
Treutlen,GA,32404611,-82565099
Troup,GA,33033309,-85028191
Turner,GA,31716228,-83627404
Twiggs,GA,32665980,-83426091
Union,GA,34834358,-83990883
Upson,GA,32879285,-84298271
Walker,GA,34730899,-85296304
Walton,GA,33783113,-83737677
Ware,GA,31051560,-82422077
Warren,GA,33408204,-82676369
Washington,GA,32967748,-82794869
Wayne,GA,31547579,-81913264
Webster,GA,32048522,-84550458
Wheeler,GA,32122256,-82716767
White,GA,34645367,-83752519
Whitfield,GA,34804965,-84966155
Wilcox,GA,31970336,-83435742
Wilkes,GA,33786638,-82744356
Wilkinson,GA,32798534,-83167590
Worth,GA,31552686,-83848158
Hawaii,HI,19597484,-155498504
Honolulu,HI,23573339,-164701172
Kalawao,HI,21225926,-156947946
Kauai,HI,22012655,-159704880
Maui,HI,20868006,-156621990
Adair,IA,41327177,-94466243
Adams,IA,41033055,-94702444
Allamakee,IA,43279771,-91373077
Appanoose,IA,40741209,-92868827
Audubon,IA,41684710,-94905244
Benton,IA,42079571,-92066456
Black Hawk,IA,42472700,-92306913
Boone,IA,42036005,-93932980
Bremer,IA,42776080,-92307767
Buchanan,IA,42469076,-91839412
Buena,IA,42741556,-95160763
Butler,IA,42728461,-92794795
Calhoun,IA,42387708,-94637196
Carroll,IA,42035044,-94859098
Cass,IA,41329986,-94932888
Cedar,IA,41772603,-91131895
Cerro Gordo,IA,43083076,-93260936
Cherokee,IA,42735462,-95623017
Chickasaw,IA,43059704,-92317007
Clarke,IA,41029073,-93783863
Clay,IA,43084999,-95154581
Clayton,IA,42853626,-91340623
Clinton,IA,41897142,-90534271
Crawford,IA,42039142,-95383703
Dallas,IA,41688064,-94037986
Davis,IA,40748059,-92410181
Decatur,IA,40737907,-93783594
Delaware,IA,42469648,-91366843
Des Moines,IA,40920863,-91174917
Dickinson,IA,43377193,-95151784
Dubuque,IA,42472788,-90885767
Emmet,IA,43378084,-94669178
Fayette,IA,42858180,-91845342
Floyd,IA,43058144,-92789780
Franklin,IA,42730529,-93260473
Fremont,IA,40743126,-95599944
Greene,IA,42038345,-94391450
Grundy,IA,42401201,-92790958
Guthrie,IA,41683568,-94501129
Hamilton,IA,42381060,-93709227
Hancock,IA,43086340,-93742557
Hardin,IA,42379717,-93241515
Harrison,IA,41687151,-95809926
Henry,IA,40988540,-91543838
Howard,IA,43352475,-92315493
Humboldt,IA,42782088,-94202591
Ida,IA,42381458,-95513075
Iowa,IA,41687503,-92065664
Jackson,IA,42164952,-90576042
Jasper,IA,41685998,-93052619
Jefferson,IA,41033282,-91948011
Johnson,IA,41665667,-91589563
Jones,IA,42120175,-91131197
Keokuk,IA,41336959,-92180601
Kossuth,IA,43204989,-94196696
Lee,IA,40644531,-91478060
Linn,IA,42079317,-91594893
Louisa,IA,41217415,-91261528
Lucas,IA,41027345,-93326667
Lyon,IA,43373076,-96209069
Madison,IA,41330604,-94014932
Mahaska,IA,41333869,-92644966
Marion,IA,41334627,-93101356
Marshall,IA,42033473,-93001746
Mills,IA,41033605,-95618292
Mitchell,IA,43358923,-92786385
Monona,IA,42050438,-95953364
Monroe,IA,41028619,-92869761
Montgomery,IA,41031473,-95156377
Muscatine,IA,41487343,-91113265
O'Brien,IA,43084046,-95625507
Osceola,IA,43377347,-95619348
Page,IA,40738139,-95149618
Palo Alto,IA,43090980,-94679762
Plymouth,IA,42736720,-96216082
Pocahontas,IA,42733449,-94678171
Polk,IA,41680800,-93568953
Pottawattamie,IA,41339650,-95545890
Poweshiek,IA,41694480,-92531890
Ringgold,IA,40735000,-94244289
Sac,IA,42386706,-95103827
Scott,IA,41641600,-90622189
Shelby,IA,41679068,-95308893
Sioux,IA,43082979,-96177420
Story,IA,42036923,-93466437
Tama,IA,42081370,-92532090
Taylor,IA,40733980,-94692003
Union,IA,41027669,-94242081
Van Buren,IA,40754570,-91953155
Wapello,IA,41029909,-92409287
Warren,IA,41333408,-93560432
Washington,IA,41337091,-91716737
Wayne,IA,40738437,-93326465
Webster,IA,42434148,-94178790
Winnebago,IA,43378350,-93725049
Winneshiek,IA,43290968,-91843213
Woodbury,IA,42388101,-96036639
Worth,IA,43376176,-93265570
Wright,IA,42732980,-93734605
Ada,ID,43448193,-116243102
Adams,ID,44895846,-116454682
Bannock,ID,42667571,-112221908
Bear Lake,ID,42290235,-111333251
Benewah,ID,47222154,-116655416
Bingham,ID,43216479,-112398441
Blaine,ID,43394276,-113978437
Boise,ID,44006324,-115739227
Bonner,ID,48294716,-116597520
Bonneville,ID,43379542,-111601604
Boundary,ID,48792729,-116448862
Butte,ID,43724766,-113173931
Camas,ID,43468963,-114811001
Canyon,ID,43625747,-116707038
Caribou,ID,42759073,-111550804
Cassia,ID,42271510,-113610880
Clark,ID,44284644,-112375614
Clearwater,ID,46668015,-115657640
Custer,ID,44231748,-114293962
Elmore,ID,43342700,-115465496
Franklin,ID,42182774,-111810342
Fremont,ID,44217247,-111484468
Gem,ID,44060884,-116405397
Gooding,ID,42965324,-114800036
Idaho,ID,45846914,-115459268
Jefferson,ID,43821504,-112305477
Jerome,ID,42691745,-114262930
Kootenai,ID,47677138,-116696797
Latah,ID,46816363,-116705859
Lemhi,ID,44955655,-113949376
Lewis,ID,46238639,-116429850
Lincoln,ID,42977990,-114129623
Madison,ID,43787668,-111656970
Minidoka,ID,42847762,-113642878
Nez Perce,ID,46331211,-116746277
Oneida,ID,42207961,-112521761
Owyhee,ID,42563373,-116168352
Payette,ID,44010169,-116757836
Power,ID,42687609,-112837967
Shoshone,ID,47347698,-115885095
Teton,ID,43754950,-111212551
Twin Falls,ID,42353320,-114661919
Valley,ID,44744187,-115559597
Washington,ID,44448991,-116779039
Adams,IL,39985905,-91194609
Alexander,IL,37194333,-89339803
Bond,IL,38880600,-89436160
Boone,IL,42325891,-88813039
Brown,IL,39954344,-90750479
Bureau,IL,41408751,-89529086
Calhoun,IL,39164786,-90667353
Carroll,IL,42060539,-89923610
Cass,IL,39976726,-90246834
Champaign,IL,40140363,-88196175
Christian,IL,39547309,-89278091
Clark,IL,39333391,-87792386
Clay,IL,38755051,-88488302
Clinton,IL,38607485,-89423973
Coles,IL,39512600,-88220589
Cook,IL,41898100,-87650174
Crawford,IL,39002698,-87759558
Cumberland,IL,39273760,-88239683
DeKalb,IL,41894152,-88769104
De Witt,IL,40169623,-88904690
Douglas,IL,39766113,-88222815
DuPage,IL,41851713,-88085930
Edgar,IL,39678973,-87747173
Edwards,IL,38416822,-88057655
Effingham,IL,39064480,-88588341
Fayette,IL,39001152,-89017804
Ford,IL,40594545,-88224515
Franklin,IL,37992100,-88923398
Fulton,IL,40479374,-90213361
Gallatin,IL,37758035,-88229386
Greene,IL,39352324,-90386150
Grundy,IL,41288933,-88427508
Hamilton,IL,38081349,-88540845
Hancock,IL,40402089,-91168870
Hardin,IL,37521574,-88265984
Henderson,IL,40810093,-90926393
Henry,IL,41354648,-90135858
Iroquois,IL,40742039,-87823619
Jackson,IL,37787522,-89381489
Jasper,IL,39005595,-88149320
Jefferson,IL,38300731,-88923508
Jersey,IL,39088432,-90358353
Jo Daviess,IL,42364490,-90210057
Johnson,IL,37459435,-88874185
Kane,IL,41935616,-88432380
Kankakee,IL,41137733,-87862732
Kendall,IL,41587792,-88430709
Knox,IL,40930768,-90213733
Lake,IL,42433350,-87776595
La Salle,IL,41340914,-88884873
Lawrence,IL,38719587,-87730705
Lee,IL,41739948,-89299772
Livingston,IL,40888096,-88556736
Logan,IL,40126675,-89362724
McDonough,IL,40455746,-90677581
McHenry,IL,42324250,-88451932
McLean,IL,40494724,-88845335
Macon,IL,39860000,-88961299
Macoupin,IL,39257447,-89921179
Madison,IL,38831897,-89908267
Marion,IL,38649152,-88919347
Marshall,IL,41031122,-89342303
Mason,IL,40237659,-89913534
Massac,IL,37219315,-88709606
Menard,IL,40033732,-89799737
Mercer,IL,41204106,-90741607
Monroe,IL,38276763,-90178196
Montgomery,IL,39228142,-89478134
Morgan,IL,39714546,-90198119
Moultrie,IL,39638345,-88616794
Ogle,IL,42042051,-89319793
Peoria,IL,40790224,-89759057
Perry,IL,38085107,-89368348
Piatt,IL,40007292,-88592941
Pike,IL,39620382,-90885595
Pope,IL,37411349,-88573214
Pulaski,IL,37227822,-89131179
Putnam,IL,41203306,-89282204
Randolph,IL,38049180,-89821295
Richland,IL,38713392,-88085192
Rock Island,IL,41468950,-90565507
St. Clair,IL,38470800,-89931431
Saline,IL,37753784,-88540789
Sangamon,IL,39758124,-89658017
Schuyler,IL,40157695,-90609148
Scott,IL,39647881,-90478283
Shelby,IL,39394699,-88809255
Stark,IL,41088502,-89794915
Stephenson,IL,42350102,-89665903
Tazewell,IL,40512644,-89513191
Union,IL,37468895,-89256074
Vermilion,IL,40182453,-87738421
Wabash,IL,38443933,-87840390
Warren,IL,40853296,-90614728
Washington,IL,38350858,-89417134
Wayne,IL,38431670,-88423477
White,IL,38087449,-88178300
Whiteside,IL,41750787,-89911315
Will,IL,41439238,-87982396
Williamson,IL,37730326,-88929541
Winnebago,IL,42331768,-89160603
Woodford,IL,40785978,-89212257
Adams,IN,40745468,-84935843
Allen,IN,41091279,-85064170
Bartholomew,IN,39205132,-85898204
Benton,IN,40605690,-87307734
Blackford,IN,40473434,-85322568
Boone,IN,40051093,-86468727
Brown,IN,39195672,-86228533
Carroll,IN,40583933,-86564568
Cass,IN,40760855,-86346564
Clark,IN,38477432,-85716444
Clay,IN,39395617,-87114852
Clinton,IN,40299618,-86475786
Crawford,IN,38285114,-86456196
Daviess,IN,38702369,-87075782
Dearborn,IN,39149973,-84977076
Decatur,IN,39304383,-85502051
De Kalb,IN,41395532,-84999715
Delaware,IN,40225637,-85398211
Dubois,IN,38364109,-86881299
Elkhart,IN,41596450,-85858939
Fayette,IN,39643844,-85176249
Floyd,IN,38319328,-85903094
Fountain,IN,40122725,-87244396
Franklin,IN,39422146,-85055745
Fulton,IN,41043918,-86261468
Gibson,IN,38309017,-87580462
Grant,IN,40515650,-85654440
Greene,IN,39036893,-86965961
Hamilton,IN,40071479,-86052183
Hancock,IN,39823136,-85771030
Harrison,IN,38199477,-86115724
Hendricks,IN,39768519,-86509229
Henry,IN,39931044,-85396942
Howard,IN,40481500,-86116261
Huntington,IN,40828624,-85493672
Jackson,IN,38907419,-86042927
Jasper,IN,41025253,-87120484
Jay,IN,40434145,-85009125
Jefferson,IN,38785518,-85437427
Jennings,IN,38996226,-85628193
Johnson,IN,39489565,-86096135
Knox,IN,38690967,-87419017
Kosciusko,IN,41243935,-85860558
Lagrange,IN,41642089,-85426159
Lake,IN,41475700,-87378699
La Porte,IN,41549160,-86744997
Lawrence,IN,38840431,-86485156
Madison,IN,40163100,-85720614
Marion,IN,39782000,-86137996
Marshall,IN,41331343,-86262585
Martin,IN,38710796,-86801821
Miami,IN,40768873,-86048286
Monroe,IN,39160850,-86523274
Montgomery,IN,40040938,-86892842
Morgan,IN,39481849,-86447292
Newton,IN,40951340,-87402165
Noble,IN,41396191,-85417334
Ohio,IN,38953656,-84967871
Orange,IN,38535137,-86495327
Owen,IN,39311847,-86838764
Parke,IN,39775039,-87207296
Perry,IN,38081514,-86643691
Pike,IN,38397615,-87233292
Porter,IN,41508393,-87070626
Posey,IN,38024092,-87861290
Pulaski,IN,41037371,-86694563
Putnam,IN,39667443,-86843561
Randolph,IN,40149924,-85005507
Ripley,IN,39101885,-85260258
Rush,IN,39617418,-85468939
St. Joseph,IN,41617600,-86287560
Scott,IN,38686821,-85744206
Shelby,IN,39523461,-85791160
Spencer,IN,38010578,-87010857
Starke,IN,41281940,-86647558
Steuben,IN,41644107,-85000493
Sullivan,IN,39089387,-87414121
Switzerland,IN,38824402,-85027328
Tippecanoe,IN,40387950,-86893666
Tipton,IN,40309855,-86051606
Union,IN,39622763,-84922882
Vanderburgh,IN,38023000,-87583527
Vermillion,IN,39853961,-87462188
Vigo,IN,39428800,-87390270
Wabash,IN,40847123,-85790382
Warren,IN,40345148,-87355756
Warrick,IN,38098371,-87271484
Washington,IN,38599282,-86105592
Wayne,IN,39862372,-85006383
Wells,IN,40727466,-85220403
White,IN,40747598,-86864802
Whitley,IN,41135419,-85503942
Allen,KS,37888433,-95300019
Anderson,KS,38215679,-95292028
Atchison,KS,39530584,-95314265
Barber,KS,37224394,-98684494
Barton,KS,38479997,-98755422
Bourbon,KS,37856089,-94850608
Brown,KS,39822919,-95562123
Butler,KS,37773619,-96833952
Chase,KS,38301526,-96593025
Chautauqua,KS,37154658,-96245394
Cherokee,KS,37169417,-94845511
Cheyenne,KS,39780842,-101729512
Clark,KS,37235596,-99817804
Clay,KS,39351049,-97164368
Cloud,KS,39482838,-97655909
Coffey,KS,38237467,-95734573
Comanche,KS,37186195,-99281595
Cowley,KS,37230648,-96836897
Crawford,KS,37507735,-94851121
Decatur,KS,39784953,-100460052
Dickinson,KS,38864092,-97157586
Doniphan,KS,39788908,-95147708
Douglas,KS,38884404,-95286933
Edwards,KS,37883476,-99304068
Elk,KS,37456649,-96244716
Ellis,KS,38916464,-99314761
Ellsworth,KS,38695772,-98204928
Finney,KS,38046735,-100746062
Ford,KS,37691991,-99883228
Franklin,KS,38567251,-95287808
Geary,KS,38996321,-96749488
Gove,KS,38921015,-100491052
Graham,KS,39348969,-99880425
Grant,KS,37563003,-101309300
Gray,KS,37744603,-100424208
Greeley,KS,38472798,-101804358
Greenwood,KS,37878126,-96228051
Hamilton,KS,37993050,-101793222
Harper,KS,37197700,-98078004
Harvey,KS,38044455,-97424917
Haskell,KS,37562776,-100872917
Hodgeman,KS,38087507,-99898096
Jackson,KS,39420659,-95797903
Jefferson,KS,39228657,-95381731
Jewell,KS,39785619,-98218036
Johnson,KS,38884350,-94822151
Kearny,KS,37995167,-101312731
Kingman,KS,37560478,-98135217
Kiowa,KS,37558737,-99286898
Labette,KS,37191476,-95297611
Lane,KS,38481478,-100465793
Leavenworth,KS,39202416,-95038054
Lincoln,KS,39043990,-98211032
Linn,KS,38207123,-94840875
Logan,KS,38916481,-101146684
Lyon,KS,38461626,-96150180
McPherson,KS,38387996,-97647545
Marion,KS,38361564,-97097694
Marshall,KS,39778534,-96529168
Meade,KS,37240009,-100359257
Miami,KS,38564655,-94833526
Mitchell,KS,39393310,-98206530
Montgomery,KS,37189342,-95741752
Morris,KS,38686623,-96643488
Morton,KS,37197732,-101808049
Nemaha,KS,39776155,-96018778
Neosho,KS,37556830,-95301327
Ness,KS,38475432,-99915560
Norton,KS,39783841,-99898888
Osage,KS,38649921,-95727023
Osborne,KS,39349091,-98767324
Ottawa,KS,39131606,-97652807
Pawnee,KS,38181347,-99232234
Phillips,KS,39784493,-99347033
Pottawatomie,KS,39379536,-96333887
Pratt,KS,37647726,-98739785
Rawlins,KS,39789524,-101073866
Reno,KS,37960613,-98089515
Republic,KS,39828164,-97650274
Rice,KS,38347421,-98200298
Riley,KS,39299937,-96727320
Rooks,KS,39350761,-99325564
Rush,KS,38523419,-99308728
Russell,KS,38922221,-98766350
Saline,KS,38781448,-97647797
Scott,KS,38481884,-100905893
Sedgwick,KS,37683500,-97462020
Seward,KS,37191283,-100852323
Shawnee,KS,39042600,-95757807
Sheridan,KS,39350549,-100440897
Sherman,KS,39350732,-101719479
Smith,KS,39784684,-98785001
Stafford,KS,38035581,-98719561
Stanton,KS,37558728,-101784221
Stevens,KS,37202609,-101318220
Sumner,KS,37229572,-97475353
Thomas,KS,39358557,-101054785
Trego,KS,38921356,-99864767
Wabaunsee,KS,38954812,-96200301
Wallace,KS,38908933,-101754027
Washington,KS,39784202,-97085905
Wichita,KS,38481896,-101347098
Wilson,KS,37558943,-95741661
Woodson,KS,37887411,-95738658
Wyandotte,KS,39114400,-94766174
Adair,KY,37105341,-85281615
Allen,KY,36751657,-86190429
Anderson,KY,38004230,-84987520
Ballard,KY,37064215,-89002232
Barren,KY,36960438,-85927600
Bath,KY,38140254,-83740853
Bell,KY,36735535,-83672646
Boone,KY,38973682,-84729648
Bourbon,KY,38203120,-84211010
Boyd,KY,38358572,-82689394
Boyle,KY,37618893,-84866034
Bracken,KY,38693175,-84082706
Breathitt,KY,37519432,-83321826
Breckinridge,KY,37772639,-86431147
Bullitt,KY,37970554,-85695106
Butler,KY,37209152,-86681058
Caldwell,KY,37148436,-87870766
Calloway,KY,36620863,-88273921
Campbell,KY,38945471,-84379405
Carlisle,KY,36853875,-88977492
Carroll,KY,38670063,-85127841
Carter,KY,38326314,-83051391
Casey,KY,37321965,-84928113
Christian,KY,36895050,-87491868
Clark,KY,37970750,-84146026
Clay,KY,37156540,-83709327
Clinton,KY,36718853,-85134674
Crittenden,KY,37356633,-88089747
Cumberland,KY,36781576,-85389014
Daviess,KY,37731833,-87087538
Edmonson,KY,37213035,-86245617
Elliott,KY,38119692,-83097943
Estill,KY,37692899,-83964594
Fayette,KY,38042746,-84459460
Fleming,KY,38374030,-83694660
Floyd,KY,37555669,-82748301
Franklin,KY,38235272,-84878616
Fulton,KY,36553327,-89185312
Gallatin,KY,38757005,-84862061
Garrard,KY,37645027,-84535119
Grant,KY,38639383,-84613029
Graves,KY,36723269,-88649823
Grayson,KY,37459654,-86345908
Green,KY,37258803,-85554480
Greenup,KY,38542262,-82920588
Hancock,KY,37841977,-86779084
Hardin,KY,37696424,-85963418
Harlan,KY,36856186,-83215015
Harrison,KY,38443589,-84332239
Hart,KY,37293149,-85887879
Henderson,KY,37798846,-87572799
Henry,KY,38456092,-85123011
Hickman,KY,36678159,-88975533
Hopkins,KY,37307396,-87538358
Jackson,KY,37416770,-84008244
Jefferson,KY,38187950,-85661571
Jessamine,KY,37871789,-84582333
Johnson,KY,37844267,-82829564
Kenton,KY,38932972,-84536136
Knott,KY,37347339,-82954044
Knox,KY,36889836,-83851784
Larue,KY,37553255,-85698105
Laurel,KY,37111340,-84120008
Lawrence,KY,38061108,-82732444
Lee,KY,37590500,-83717726
Leslie,KY,37094172,-83384249
Letcher,KY,37117409,-82854623
Lewis,KY,38530838,-83385157
Lincoln,KY,37455966,-84659333
Livingston,KY,37211522,-88346775
Logan,KY,36857973,-86878708
Lyon,KY,37015440,-88078862
McCracken,KY,37056230,-88716998
McCreary,KY,36739468,-84482222
McLean,KY,37528453,-87261194
Madison,KY,37723106,-84277115
Magoffin,KY,37699156,-83064683
Marion,KY,37554214,-85269585
Marshall,KY,36880682,-88335219
Martin,KY,37798636,-82520177
Mason,KY,38595807,-83826232
Meade,KY,37979293,-86218205
Menifee,KY,37947600,-83604271
Mercer,KY,37804675,-84876374
Metcalfe,KY,36989310,-85629652
Monroe,KY,36710253,-85718347
Montgomery,KY,38029676,-83906110
Morgan,KY,37922928,-83258880
Muhlenberg,KY,37213354,-87146422
Nelson,KY,37804940,-85466193
Nicholas,KY,38341087,-84013511
Ohio,KY,37473126,-86844676
Oldham,KY,38397016,-85443960
Owen,KY,38527003,-84829736
Owsley,KY,37413523,-83689385
Pendleton,KY,38693377,-84356420
Perry,KY,37244940,-83225115
Pike,KY,37467971,-82393673
Powell,KY,37830272,-83826033
Pulaski,KY,37102592,-84576486
Robertson,KY,38508266,-84051658
Rockcastle,KY,37362052,-84315554
Rowan,KY,38193670,-83419681
Russell,KY,36989028,-85063566
Scott,KY,38295620,-84579540
Shelby,KY,38217531,-85194479
Simpson,KY,36739568,-86581939
Spencer,KY,38029590,-85323100
Taylor,KY,37366266,-85330009
Todd,KY,36840246,-87184928
Trigg,KY,36805604,-87875037
Trimble,KY,38597562,-85338936
Union,KY,37656367,-87954325
Warren,KY,36991735,-86423856
Washington,KY,37752734,-85173856
Wayne,KY,36810562,-84831423
Webster,KY,37516402,-87681836
Whitley,KY,36762741,-84146544
Wolfe,KY,37741679,-83490428
Woodford,KY,38039185,-84740817
Acadia,LA,30291312,-92410832
Allen,LA,30655811,-92827953
Ascension,LA,30202863,-90999113
Assumption,LA,29899078,-91063961
Avoyelles,LA,31070949,-92002765
Beauregard,LA,30653350,-93340564
Bienville,LA,32348660,-93055521
Bossier,LA,32680807,-93602957
Caddo,LA,32579177,-93879918
Calcasieu,LA,30227817,-93357749
Caldwell,LA,32087060,-92119655
Cameron,LA,29846980,-93200050
Catahoula,LA,31666363,-91845608
Claiborne,LA,32815690,-92994416
Concordia,LA,31440565,-91639577
De Soto  ,LA,32061723,-93735952
East Baton Rouge,LA,30543750,-91093592
East Carroll,LA,32734118,-91235346
East Feliciana,LA,30850269,-91048695
Evangeline,LA,30733084,-92412131
Franklin,LA,32138244,-91672716
Grant,LA,31592719,-92559572
Iberia,LA,29793601,-91784931
Iberville,LA,30262927,-91349315
Jackson,LA,32296274,-92553790
Jefferson,LA,29717919,-90102407
Jefferson Davis,LA,30268561,-92815539
Lafayette,LA,30206200,-92063915
Lafourche,LA,29494211,-90399013
La Salle,LA,31676283,-92158273
Lincoln,LA,32603902,-92663150
Livingston,LA,30443633,-90731033
Madison,LA,32370651,-91242787
Morehouse,LA,32818017,-91799735
Natchitoches,LA,31726306,-93095004
Orleans,LA,30065846,-89931355
Ouachita,LA,32477850,-92155649
Plaquemines,LA,29391156,-89481460
Pointe Coupee,LA,30708212,-91600420
Rapides,LA,31196500,-92535963
Red River,LA,32093629,-93330889
Richland,LA,32417474,-91764232
Sabine,LA,31559720,-93558150
St. Bernard,LA,29894986,-89346092
St. Charles,LA,29911796,-90356756
St. Helena,LA,30820396,-90709862
St. James,LA,30025823,-90795960
St. John the Baptist,LA,30118238,-90501892
St. Landry,LA,30598433,-92003501
St. Martin,LA,30129767,-91611972
St. Mary,LA,29635343,-91467886
St. Tammany,LA,30399051,-89963627
Tangipahoa,LA,30633630,-90402062
Tensas,LA,32002593,-91330432
Terrebonne,LA,29335346,-90837708
Union,LA,32827147,-92377575
Vermilion,LA,29813814,-92309156
Vernon,LA,31107984,-93186452
Washington,LA,30852029,-90041543
Webster,LA,32703886,-93330532
West Baton Rouge,LA,30462652,-91312986
West Carroll,LA,32785817,-91453119
West Feliciana,LA,30872769,-91423426
Winn,LA,31945101,-92636725
Barnstable,MA,41719870,-70250838
Berkshire,MA,42365138,-73210683
Bristol,MA,41753300,-71090895
Dukes,MA,41374478,-70703017
Essex,MA,42642845,-70873647
Franklin,MA,42583299,-72591287
Hampden,MA,42135650,-72634099
Hampshire,MA,42339300,-72664192
Middlesex,MA,42485491,-71385297
Nantucket,MA,41252985,-70126661
Norfolk,MA,42173933,-71185494
Plymouth,MA,41990716,-70737779
Suffolk,MA,42357072,-70978184
Worcester,MA,42350235,-71911696
Allegany,MD,39630789,-78689600
Anne Arundel,MD,38992333,-76569358
Baltimore,MD,39442400,-76616864
Calvert,MD,38531275,-76528501
Caroline,MD,38871330,-75831930
Carroll,MD,39565167,-77023948
Cecil,MD,39567231,-75950080
Charles,MD,38481893,-77011636
Dorchester,MD,38418739,-76081477
Frederick,MD,39472404,-77396787
Garrett,MD,39529619,-79270271
Harford,MD,39537750,-76300012
Howard,MD,39249200,-76934399
Kent,MD,39230767,-76095366
Montgomery,MD,39137200,-77204532
Prince George's,MD,38830300,-76849126
Queen Anne's,MD,39033340,-76083257
St. Mary's,MD,38215316,-76529747
Somerset,MD,38082400,-75858994
Talbot,MD,38750684,-76178594
Washington,MD,39603867,-77814495
Wicomico,MD,38368743,-75629208
Worcester,MD,38226323,-75282886
Baltimore,MD,39300800,-76610616
Androscoggin,ME,44165800,-70207899
Aroostook,ME,46648386,-68590815
Cumberland,ME,43808250,-70331342
Franklin,ME,44976818,-70443625
Hancock,ME,44566124,-68368446
Kennebec,ME,44413442,-69766433
Knox,ME,44032258,-69034654
Lincoln,ME,43999772,-69525562
Oxford,ME,44486210,-70760141
Penobscot,ME,45402945,-68632369
Piscataquis,ME,45842637,-69295028
Sagadahoc,ME,43907648,-69837587
Somerset,ME,45505888,-69954048
Waldo,ME,44482485,-69121695
Washington,ME,44968972,-67609990
York,ME,43412448,-70674321
Alcona,MI,44712243,-83272880
Alger,MI,47160436,-86484176
Allegan,MI,42565000,-86250044
Alpena,MI,45037017,-83197631
Antrim,MI,45005952,-85176863
Arenac,MI,44045468,-83752416
Baraga,MI,46715396,-88342002
Barry,MI,42597836,-85311007
Bay,MI,43720800,-83942726
Benzie,MI,44630365,-86247841
Berrien,MI,41942845,-86592260
Branch,MI,41915105,-85054402
Calhoun,MI,42252700,-85003017
Cass,MI,41913995,-85993318
Charlevoix,MI,45466102,-85457546
Cheboygan,MI,45476385,-84496125
Chippewa,MI,46317751,-84518518
Clare,MI,43991215,-84838425
Clinton,MI,42940588,-84611757
Crawford,MI,44679676,-84611491
Delta,MI,45775351,-86872975
Dickinson,MI,45997326,-87872002
Eaton,MI,42587962,-84846014
Emmet,MI,45583079,-84980670
Genesee,MI,43021000,-83706606
Gladwin,MI,43989321,-84388391
Gogebic,MI,46484401,-89790638
Grand Traverse,MI,44733305,-85552462
Gratiot,MI,43292290,-84604765
Hillsdale,MI,41887751,-84593611
Houghton,MI,46983574,-88646621
Huron,MI,43958593,-82835735
Ingham,MI,42603550,-84373803
Ionia,MI,42944449,-85072760
Iosco,MI,44275743,-83336873
Iron,MI,46205080,-88513849
Isabella,MI,43647562,-84838322
Jackson,MI,42247850,-84424522
Kalamazoo,MI,42244883,-85529871
Kalkaska,MI,44691940,-85083913
Kent,MI,43032850,-85547179
Keweenaw,MI,47477259,-88155067
Lake,MI,43987546,-85811619
Lapeer,MI,43090655,-83224055
Leelanau,MI,45132573,-86029820
Lenawee,MI,41891838,-84068778
Livingston,MI,42602259,-83911893
Luce,MI,46746733,-85590118
Mackinac,MI,46008718,-85007637
Macomb,MI,42668061,-82910155
Manistee,MI,44300844,-86312490
Marquette,MI,46664355,-87604186
Mason,MI,44021706,-86500311
Mecosta,MI,43642836,-85322678
Menominee,MI,45521786,-87525018
Midland,MI,43642957,-84385966
Missaukee,MI,44338609,-85096098
Monroe,MI,41915104,-83499532
Montcalm,MI,43312910,-85149369
Montmorency,MI,45026707,-84128955
Muskegon,MI,43287061,-86446483
Newaygo,MI,43551185,-85796859
Oakland,MI,42660150,-83383683
Oceana,MI,43657276,-86530712
Ogemaw,MI,44333649,-84130574
Ontonagon,MI,46979167,-89271293
Osceola,MI,43984603,-85329671
Oscoda,MI,44682528,-84125458
Otsego,MI,45016781,-84606547
Ottawa,MI,42922416,-86233342
Presque Isle,MI,45321610,-83458599
Roscommon,MI,44330739,-84610941
Saginaw,MI,43334968,-84052348
St. Clair,MI,42934079,-82668222
St. Joseph,MI,41915323,-85529763
Sanilac,MI,43456651,-82639649
Schoolcraft,MI,46024322,-86187326
Shiawassee,MI,42950296,-84144146
Tuscola,MI,43487753,-83436661
Van Buren,MI,42270781,-86308528
Washtenaw,MI,42253250,-83841570
Wayne,MI,42284600,-83260274
Wexford,MI,44338068,-85579887
Aitkin,MN,46606591,-93413732
Anoka,MN,45274163,-93240830
Becker,MN,46932261,-95668307
Beltrami,MN,48018033,-94923443
Benton,MN,45703184,-94000076
Big Stone,MN,45426821,-96413116
Blue Earth,MN,44032801,-94063628
Brown,MN,44234657,-94720980
Carlton,MN,46590191,-92680168
Carver,MN,44820517,-93798077
Cass,MN,46946202,-94321938
Chippewa,MN,45028511,-95563794
Chisago,MN,45501668,-92908553
Clay,MN,46898505,-96494530
Clearwater,MN,47572966,-95379988
Cook,MN,47725695,-90442163
Cottonwood,MN,44008642,-95183316
Crow Wing,MN,46486988,-94071825
Dakota,MN,44684800,-93064817
Dodge,MN,44026862,-92862056
Douglas,MN,45935996,-95454440
Faribault,MN,43677100,-93947845
Fillmore,MN,43675073,-92088956
Freeborn,MN,43670693,-93350258
Goodhue,MN,44414669,-92722337
Grant,MN,45931836,-96010788
Hennepin,MN,45003370,-93474888
Houston,MN,43674140,-91491156
Hubbard,MN,47101128,-94913568
Isanti,MN,45564603,-93293388
Itasca,MN,47508489,-93626338
Jackson,MN,43675021,-95156785
Kanabec,MN,45947877,-93298400
Kandiyohi,MN,45152285,-95008118
Kittson,MN,48775702,-96779888
Koochiching,MN,48259344,-93769353
Lac qui Parle,MN,45000955,-96175301
Lake,MN,47525904,-91387847
Lake of the Woods,MN,48767539,-94903814
Le Sueur ,MN,44374122,-93732401
Lincoln,MN,44408278,-96271639
Lyon,MN,44414472,-95840408
McLeod,MN,44825547,-94271264
Mahnomen,MN,47325652,-95810415
Marshall,MN,48354070,-96377164
Martin,MN,43677159,-94556724
Meeker,MN,45123002,-94527080
Mille Lacs,MN,45929539,-93632525
Morrison,MN,46011952,-94267570
Mower,MN,43671811,-92750894
Murray,MN,44019820,-95761281
Nicollet,MN,44342319,-94245463
Nobles,MN,43672499,-95757316
Norman,MN,47331158,-96462563
Olmsted,MN,44002500,-92399150
Otter Tail,MN,46407904,-95713534
Pennington,MN,48065433,-96035563
Pine,MN,46139514,-92736161
Pipestone,MN,44024633,-96253818
Polk,MN,47774622,-96399564
Pope,MN,45593381,-95447317
Ramsey,MN,45015300,-93099608
Red Lake,MN,47876728,-96096495
Redwood,MN,44403638,-95253559
Renville,MN,44723711,-94955440
Rice,MN,44356842,-93297478
Rock,MN,43673485,-96247936
Roseau,MN,48770346,-95799492
St. Louis,MN,47578363,-92462226
Scott,MN,44654800,-93534941
Sherburne,MN,45440352,-93768105
Sibley,MN,44579124,-94229375
Stearns,MN,45554509,-94610041
Steele,MN,44023200,-93223964
Stevens,MN,45584629,-96000569
Swift,MN,45286524,-95681915
Todd,MN,46070786,-94898887
Traverse,MN,45771538,-96469935
Wabasha,MN,44281995,-92239468
Wadena,MN,46577377,-94958610
Waseca,MN,44019073,-93589913
Washington,MN,45038075,-92889207
Watonwan,MN,43978562,-94614875
Wilkin,MN,46355332,-96471038
Winona,MN,43984816,-91774907
Wright,MN,45175242,-93968086
Yellow Medicine,MN,44719037,-95863302
Adair,MO,40188408,-92598803
Andrew,MO,39987655,-94800896
Atchison,MO,40425384,-95433920
Audrain,MO,39214460,-91842752
Barry,MO,36712887,-93831493
Barton,MO,37501405,-94343579
Bates,MO,38258051,-94339408
Benton,MO,38299100,-93288478
Bollinger,MO,37320768,-90027891
Boone,MO,38887233,-92308160
Buchanan,MO,39666480,-94806022
Butler,MO,36715105,-90403177
Caldwell,MO,39659254,-93978765
Callaway,MO,38836209,-91924532
Camden,MO,38029498,-92771901
Cape Girardeau,MO,37383342,-89684392
Carroll,MO,39427909,-93501071
Carter,MO,36941680,-90965826
Cass,MO,38646808,-94354488
Cedar,MO,37722485,-93864759
Chariton,MO,39519402,-92959910
Christian,MO,36966668,-93187493
Clark,MO,40410872,-91742061
Clay,MO,39313003,-94423343
Clinton,MO,39604266,-94402026
Cole,MO,38507145,-92282300
Cooper,MO,38846321,-92813241
Crawford,MO,37976644,-91302620
Dade,MO,37429701,-93853467
Dallas,MO,37672354,-93020438
Daviess,MO,39960580,-93986446
DeKalb,MO,39898853,-94404523
Dent,MO,37609434,-91498327
Douglas,MO,36927581,-92496886
Dunklin,MO,36270511,-90089776
Franklin,MO,38407669,-91076131
Gasconade,MO,38442273,-91506446
Gentry,MO,40217856,-94411259
Greene,MO,37257250,-93337281
Grundy,MO,40112193,-93567162
Harrison,MO,40353955,-93981793
Henry,MO,38387342,-93791331
Hickory,MO,37942045,-93319009
Holt,MO,40094838,-95213430
Howard,MO,39143794,-92695140
Howell,MO,36774397,-91887321
Iron,MO,37546104,-90756821
Jackson,MO,39010064,-94343813
Jasper,MO,37201947,-94335564
Jefferson,MO,38255887,-90537308
Johnson,MO,38749005,-93808599
Knox,MO,40124871,-92149671
Laclede,MO,37659931,-92594732
Lafayette,MO,39059236,-93784058
Lawrence,MO,37107937,-93829670
Lewis,MO,40094044,-91726316
Lincoln,MO,39060753,-90961560
Linn,MO,39867808,-93110580
Livingston,MO,39782948,-93546674
McDonald,MO,36622485,-94353666
Macon,MO,39829773,-92559702
Madison,MO,37480515,-90343166
Maries,MO,38175337,-91918500
Marion,MO,39813308,-91624159
Mercer,MO,40424352,-93566178
Miller,MO,38217095,-92432032
Missiiiippi,MO,36826558,-89294950
Moniteau,MO,38633134,-92583655
Monroe,MO,39495229,-91998418
Montgomery,MO,38941596,-91472697
Morgan,MO,38425566,-92885762
New Madrid,MO,36594733,-89655526
Newton,MO,36907240,-94331550
Nodaway,MO,40360000,-94883035
Oregon,MO,36688406,-91402289
Osage,MO,38464921,-91859163
Ozark,MO,36650875,-92444115
Pemiscot,MO,36214554,-89783351
Perry,MO,37709086,-89829108
Pettis,MO,38726291,-93284126
Phelps,MO,37877679,-91793382
Pike,MO,39340855,-91171216
Platte,MO,39377883,-94770666
Polk,MO,37616783,-93400524
Pulaski,MO,37824976,-92208876
Putnam,MO,40478996,-93016703
Ralls,MO,39525068,-91528192
Randolph,MO,39433040,-92497214
Ray,MO,39349842,-93990525
Reynolds,MO,37357727,-90971207
Ripley,MO,36659253,-90866399
St. Charles,MO,38778743,-90674917
St. Clair,MO,38040339,-93774116
Ste. Genevieve,MO,37893875,-90185377
St. Francois,MO,37809677,-90464643
St. Louis,MO,38638800,-90442766
Saline,MO,39136007,-93203843
Schuyler,MO,40470670,-92517935
Scotland,MO,40453783,-92148723
Scott,MO,37053532,-89572246
Shannon,MO,37159711,-91403274
Shelby,MO,39791439,-92069388
Stoddard,MO,36855619,-89946349
Stone,MO,36740289,-93465214
Sullivan,MO,40211690,-93112313
Taney,MO,36654771,-93035899
Texas,MO,37316944,-91964120
Vernon,MO,37850392,-94342132
Warren,MO,38768154,-91164167
Washington,MO,37968818,-90877114
Wayne,MO,37112881,-90461233
Webster,MO,37283639,-92874984
Worth,MO,40480758,-94419599
Wright,MO,37265635,-92462370
St. Louis,MO,38636050,-90244299
Adams,MS,31479606,-91351407
Alcorn,MS,34877376,-88576325
Amite,MS,31173239,-90800782
Attala,MS,33088951,-89580462
Benton,MS,34816935,-89187010
Bolivar,MS,33794708,-90882087
Calhoun,MS,33935781,-89336877
Carroll,MS,33449876,-89920015
Chickasaw,MS,33922046,-88948026
Choctaw,MS,33345203,-89252415
Claiborne,MS,31972537,-90914312
Clarke,MS,32040191,-88690981
Clay,MS,33651810,-88773933
Coahoma,MS,34225260,-90597271
Copiah,MS,31864746,-90444667
Covington,MS,31632015,-89551947
DeSoto,MS,34875277,-89991991
Forrest,MS,31186842,-89258750
Franklin,MS,31477504,-90898055
George,MS,30866442,-88642721
Greene,MS,31216872,-88640021
Grenada,MS,33770931,-89801107
Hancock,MS,30389164,-89472078
Harrison,MS,30419050,-89090074
Hinds,MS,32263450,-90443598
Holmes,MS,33121189,-90088358
Humphreys,MS,33132271,-90523849
Issaquena,MS,32737786,-90988477
Itawamba,MS,34277725,-88359049
Jackson,MS,30463024,-88621916
Jasper,MS,32019338,-89120363
Jefferson,MS,31730468,-91034917
Jefferson Davis,MS,31564423,-89823388
Jones,MS,31623917,-89168386
Kemper,MS,32756105,-88645415
Lafayette,MS,34358686,-89485475
Lamar,MS,31209871,-89505388
Lauderdale,MS,32404350,-88660578
Lawrence,MS,31549556,-90107301
Leake,MS,32752886,-89523199
Lee,MS,34289055,-88681207
Leflore,MS,33547984,-90297653
Lincoln,MS,31535912,-90452095
Lowndes,MS,33471041,-88444290
Madison,MS,32633641,-90033836
Marion,MS,31230662,-89822017
Marshall,MS,34770067,-89509467
Monroe,MS,33890256,-88485251
Montgomery,MS,33497606,-89608860
Neshoba,MS,32752405,-89119353
Newton,MS,32405110,-89118252
Noxubee,MS,33110929,-88570177
Oktibbeha,MS,33426319,-88880002
Panola,MS,34363316,-89946541
Pearl River,MS,30770422,-89592464
Perry,MS,31171858,-88987472
Pike,MS,31175513,-90399979
Pontotoc,MS,34227506,-89036823
Prentiss,MS,34613446,-88518589
Quitman,MS,34254962,-90287133
Rankin,MS,32262505,-89946198
Scott,MS,32404951,-89545323
Sharkey,MS,32878926,-90811597
Simpson,MS,31915476,-89920939
Smith,MS,32016313,-89501240
Stone,MS,30788999,-89123191
Sunflower,MS,33606741,-90595008
Tallahatchie,MS,33945937,-90171689
Tate,MS,34653317,-89940116
Tippah,MS,34770071,-88908310
Tishomingo,MS,34740659,-88243310
Tunica,MS,34656006,-90376311
Union,MS,34489687,-89004112
Walthall,MS,31144912,-90102515
Warren,MS,32357440,-90851741
Washington,MS,33285527,-90947514
Wayne,MS,31643696,-88702081
Webster,MS,33612986,-89282406
Wilkinson,MS,31164367,-91318635
Winston,MS,33093188,-89035413
Yalobusha,MS,34031899,-89715441
Yazoo,MS,32780666,-90404960
Beaverhead,MT,45116150,-112895693
Big Horn,MT,45429447,-107489759
Blaine,MT,48435721,-108961873
Broadwater,MT,46331836,-111495363
Carbon,MT,45232088,-109021804
Carter,MT,45502099,-104538058
Cascade,MT,47310527,-111351318
Chouteau,MT,47876120,-110439017
Custer,MT,46265062,-105580112
Daniels,MT,48785518,-105546500
Dawson,MT,47273207,-104901246
Deer Lodge,MT,46065829,-113083591
Fallon,MT,46353610,-104411006
Fergus,MT,47261544,-109222007
Flathead,MT,48290827,-114018737
Gallatin,MT,45558050,-111173513
Garfield,MT,47281724,-106988817
Glacier,MT,48700101,-113018618
Golden Valley,MT,46383489,-109167474
Granite,MT,46420433,-113447006
Hill,MT,48628363,-110105620
Jefferson,MT,46177484,-112105376
Judith Basin,MT,47039981,-110264795
Lake,MT,47649672,-114089308
Lewis and Clark,MT,47113693,-112377040
Liberty,MT,48548886,-111025195
Lincoln,MT,48536231,-115409389
McCone,MT,47648986,-105801536
Madison,MT,45295889,-111921615
Meagher,MT,46591535,-110863671
Mineral,MT,47145251,-114980755
Missoula,MT,47040995,-113925449
Musselshell,MT,46485719,-108400176
Park,MT,45498332,-110520919
Petroleum,MT,47107453,-108261794
Phillips,MT,48261632,-107923371
Pondera,MT,48235385,-112219495
Powder River,MT,45382303,-105635985
Powell,MT,46850339,-112941271
Prairie,MT,46853428,-105372898
Ravalli,MT,46084852,-114123057
Richland,MT,47785458,-104561134
Roosevelt,MT,48295252,-105028698
Rosebud,MT,46225806,-106724398
Sanders,MT,47662121,-115131116
Sheridan,MT,48726701,-104499894
Silver Bow,MT,45895956,-112657607
Stillwater,MT,45674109,-109388807
Sweet Grass,MT,45814066,-109943376
Teton,MT,47847993,-112233119
Toole,MT,48651037,-111688806
Treasure,MT,46203050,-107265838
Valley,MT,48355507,-106662747
Wheatland,MT,46471388,-109844224
Wibaux,MT,46961901,-104247312
Yellowstone,MT,45935286,-108271738
Yellowstone National Park,MT,45003546,-110800812
Alamance,NC,36043667,-79398440
Alexander,NC,35921840,-81176957
Alleghany,NC,36494291,-81130166
Anson,NC,34974665,-80102273
Ashe,NC,36433061,-81501738
Avery,NC,36078677,-81923096
Beaufort,NC,35482730,-76844806
Bertie,NC,36059078,-76963026
Bladen,NC,34619414,-78555913
Brunswick,NC,34038591,-78221373
Buncombe,NC,35609250,-82530302
Burke,NC,35747224,-81705546
Cabarrus,NC,35387719,-80550624
Caldwell,NC,35954179,-81546710
Camden,NC,36337433,-76162635
Carteret,NC,34876340,-76504367
Caswell,NC,36395774,-79334978
Catawba,NC,35663000,-81214447
Chatham,NC,35701627,-79257916
Cherokee,NC,35137053,-84063943
Chowan,NC,36130582,-76602214
Clay,NC,35058290,-83755775
Cleveland,NC,35335821,-81555983
Columbus,NC,34260273,-78665189
Craven,NC,35120364,-77082063
Cumberland,NC,35046496,-78828669
Currituck,NC,36364223,-75943940
Dare,NC,35689903,-75726973
Davidson,NC,35793988,-80212050
Davie,NC,35929728,-80542744
Duplin,NC,34936280,-77934958
Durham,NC,36037733,-78874855
Edgecombe,NC,35913972,-77596413
Forsyth,NC,36130100,-80256884
Franklin,NC,36078542,-78284402
Gaston,NC,35295733,-81181376
Gates,NC,36441682,-76703036
Graham,NC,35348981,-83832761
Granville,NC,36304616,-78656475
Greene,NC,35486406,-77684095
Guilford,NC,36078650,-79788578
Halifax,NC,36256365,-77656287
Harnett,NC,35370721,-78864479
Haywood,NC,35552912,-82978472
Henderson,NC,35336677,-82481060
Hertford,NC,36357722,-76983549
Hoke,NC,35020731,-79233597
Hyde,NC,35406175,-76153167
Iredell,NC,35808938,-80872852
Jackson,NC,35287913,-83144428
Johnston,NC,35519144,-78365188
Jones,NC,35012274,-77366004
Lee,NC,35476112,-79172288
Lenoir,NC,35241504,-77642804
Lincoln,NC,35484317,-81222868
McDowell,NC,35682170,-82048316
Macon,NC,35149662,-83420551
Madison,NC,35858222,-82711605
Martin,NC,35843384,-77102793
Mecklenburg,NC,35248300,-80833124
Mitchell,NC,36013505,-82164023
Montgomery,NC,35329501,-79902750
Moore,NC,35308882,-79484951
Nash,NC,35968403,-77988153
New Hanover,NC,34182267,-77864928
Northampton,NC,36419492,-77397564
Onslow,NC,34714503,-77413151
Orange,NC,36059176,-79118108
Pamlico,NC,35150317,-76667599
Pasquotank,NC,36264968,-76261902
Pender,NC,34510260,-77887412
Perquimans,NC,36181163,-76413974
Person,NC,36392005,-78976731
Pitt,NC,35590834,-77376724
Polk,NC,35277434,-82166223
Randolph,NC,35710853,-79806454
Richmond,NC,35002992,-79746604
Robeson,NC,34640290,-79107083
Rockingham,NC,36395222,-79777045
Rowan,NC,35635940,-80522881
Rutherford,NC,35399004,-81919825
Sampson,NC,34991474,-78368650
Scotland,NC,34841482,-79480268
Stanly,NC,35312435,-80253246
Stokes,NC,36409127,-80229627
Surry,NC,36415407,-80686903
Swain,NC,35492370,-83492172
Transylvania,NC,35198385,-82797132
Tyrrell,NC,35870394,-76165131
Union,NC,34988079,-80533324
Vance,NC,36364666,-78405165
Wake,NC,35789933,-78650425
Warren,NC,36397658,-78097308
Washington,NC,35836810,-76564706
Watauga,NC,36233549,-81696666
Wayne,NC,35362320,-78004614
Wilkes,NC,36203051,-81165682
Wilson,NC,35704817,-77919105
Yadkin,NC,36158264,-80665192
Yancey,NC,35902682,-82310012
Adams,ND,46092879,-102534333
Barnes,ND,46931923,-98069757
Benson,ND,48071704,-99361521
Billings,ND,47035300,-103367026
Bottineau,ND,48791711,-100840699
Bowman,ND,46113386,-103519386
Burke,ND,48790330,-102519454
Burleigh,ND,46977379,-100471829
Cass,ND,46927062,-97252187
Cavalier,ND,48768447,-98463027
Dickey,ND,46109445,-98493941
Divide,ND,48809270,-103487266
Dunn,ND,47358187,-102615277
Eddy,ND,47723346,-98900015
Emmons,ND,46284744,-100236848
Foster,ND,47459774,-98885309
Golden Valley,ND,46938518,-103843934
Grand Forks,ND,47918883,-97454195
Grant,ND,46357872,-101638779
Griggs,ND,47463565,-98231555
Hettinger,ND,46430704,-102455884
Kidder,ND,46976741,-99778937
LaMoure,ND,46466204,-98530109
Logan,ND,46450131,-99476773
McHenry,ND,48232472,-100637482
McIntosh,ND,46118799,-99439281
McKenzie,ND,47732829,-103388753
McLean,ND,47605422,-101315389
Mercer,ND,47302460,-101816965
Morton,ND,46719726,-101278215
Mountrail,ND,48201592,-102365822
Nelson,ND,47922206,-98186285
Oliver,ND,47112668,-101345343
Pembina,ND,48768426,-97545607
Pierce,ND,48249461,-99978658
Ramsey,ND,48251981,-98716228
Ransom,ND,46458866,-97663940
Renville,ND,48712854,-101657777
Richland,ND,46265335,-96951275
Rolette,ND,48772380,-99838825
Sargent,ND,46106623,-97629284
Sheridan,ND,47581277,-100340990
Sioux,ND,46107789,-101048926
Slope,ND,46452768,-103457908
Stark,ND,46813207,-102664071
Steele,ND,47458286,-97718683
Stutsman,ND,46979177,-98955015
Towner,ND,48688157,-99247131
Traill,ND,47447328,-97166212
Walsh,ND,48372875,-97722817
Ward,ND,48224255,-101545197
Wells,ND,47580840,-99671067
Williams,ND,48347291,-103477221
Adams,NE,40522949,-98500336
Antelope,NE,42177729,-98071526
Arthur,NE,41571593,-101696308
Banner,NE,41542897,-103715292
Blaine,NE,41926015,-99982857
Boone,NE,41704716,-98062779
Box Butte,NE,42212616,-103082184
Boyd,NE,42895962,-98771709
Brown,NE,42444768,-99934182
Buffalo,NE,40855145,-99074484
Burt,NE,41854198,-96321473
Butler,NE,41222404,-97132889
Cass,NE,40913350,-96139040
Cedar,NE,42598006,-97249480
Chase,NE,40530396,-101693797
Cherry,NE,42542920,-101118780
Cheyenne,NE,41219076,-102987292
Clay,NE,40523721,-98050624
Colfax,NE,41576169,-97087884
Cuming,NE,41916354,-96788372
Custer,NE,41393949,-99726684
Dakota,NE,42386954,-96563184
Dawes,NE,42708785,-103135769
Dawson,NE,40865893,-99814525
Deuel,NE,41112913,-102332034
Dixon,NE,42499308,-96868503
Dodge,NE,41576222,-96645203
Douglas,NE,41299500,-96147377
Dundy,NE,40181944,-101689773
Fillmore,NE,40524934,-97596394
Franklin,NE,40183163,-98947494
Frontier,NE,40526950,-100388095
Furnas,NE,40173412,-99914748
Gage,NE,40265089,-96693473
Garden,NE,41622037,-102343512
Garfield,NE,41894206,-98982410
Gosper,NE,40503632,-99823186
Grant,NE,41917324,-101743191
Greeley,NE,41562536,-98515411
Hall,NE,40865863,-98502417
Hamilton,NE,40876629,-98021026
Harlan,NE,40173713,-99398844
Hayes,NE,40527028,-101059564
Hitchcock,NE,40176232,-101040424
Holt,NE,42460207,-98784402
Hooker,NE,41888368,-101141252
Howard,NE,41219061,-98517751
Jefferson,NE,40168316,-97145681
Johnson,NE,40396310,-96266085
Kearney,NE,40506230,-98946238
Keith,NE,41197112,-101662464
Keya Paha,NE,42877726,-99719073
Kimball,NE,41199445,-103710823
Knox,NE,42634373,-97880665
Lancaster,NE,40784048,-96688565
Lincoln,NE,41051988,-100745234
Logan,NE,41555666,-100476018
Loup,NE,41933135,-99447237
McPherson,NE,41569659,-101059600
Madison,NE,41921863,-97599502
Merrick,NE,41169317,-98030128
Morrill,NE,41694377,-103012837
Nance,NE,41394246,-97994262
Nemaha,NE,40386734,-95847155
Nuckolls,NE,40176562,-98046375
Otoe,NE,40652199,-96135761
Pawnee,NE,40130088,-96239620
Perkins,NE,40841741,-101656066
Phelps,NE,40508945,-99409499
Pierce,NE,42271341,-97610610
Platte,NE,41568353,-97525384
Polk,NE,41188157,-97570500
Red Willow,NE,40176191,-100479004
Richardson,NE,40123823,-95718299
Rock,NE,42418278,-99453634
Saline,NE,40531349,-97142311
Sarpy,NE,41114000,-96110088
Saunders,NE,41225722,-96633759
Scotts Bluff,NE,41850278,-103708714
Seward,NE,40872125,-97140386
Sheridan,NE,42497280,-102434459
Sherman,NE,41222173,-98973058
Sioux,NE,42480782,-103771264
Stanton,NE,41922034,-97190405
Thayer,NE,40176274,-97594321
Thomas,NE,41918002,-100582468
Thurston,NE,42157066,-96550403
Valley,NE,41570138,-98977427
Washington,NE,41527246,-96223083
Wayne,NE,42213805,-97124769
Webster,NE,40178054,-98497844
Wheeler,NE,41917999,-98525297
York,NE,40872110,-97596756
Belknap,NH,43518880,-71424962
Carroll,NH,43869599,-71210551
Cheshire,NH,42920538,-72253258
Coos,NH,44687083,-71301722
Grafton,NH,43933000,-71843447
Hillsborough,NH,42924250,-71716873
Merrimack,NH,43299713,-71681074
Rockingham,NH,42986123,-71086976
Strafford,NH,43292700,-71032844
Sullivan,NH,43361077,-72224592
Atlantic,NJ,39465326,-74636618
Bergen,NJ,40958707,-74074366
Burlington,NJ,39875728,-74669233
Camden,NJ,39800850,-74959749
Cape May,NJ,39077466,-74858609
Cumberland,NJ,39329755,-75132998
Essex,NJ,40787300,-74246315
Gloucester,NJ,39714874,-75140073
Hudson,NJ,40732350,-74075391
Hunterdon,NJ,40570352,-74917106
Mercer,NJ,40281920,-74699203
Middlesex,NJ,40438650,-74409233
Monmouth,NJ,40287807,-74154352
Morris,NJ,40865200,-74546877
Ocean,NJ,39872246,-74250491
Passaic,NJ,41031900,-74299702
Salem,NJ,39579547,-75361703
Somerset,NJ,40563900,-74614790
Sussex,NJ,41141843,-74690791
Union,NJ,40659733,-74308022
Warren,NJ,40855295,-74993620
Bernalillo,NM,35052967,-106670237
Catron,NM,33923860,-108416545
Chaves,NM,33363485,-104468714
Cibola,NM,34920479,-107988955
Colfax,NM,36606105,-104638170
Curry,NM,34572141,-103345985
DeBaca,NM,34335626,-104415672
Dona Ana,NM,32345226,-106832380
Eddy,NM,32466262,-104298400
Grant,NM,32729422,-108379315
Guadalupe,NM,34862267,-104784565
Harding,NM,35858004,-103816980
Hidalgo,NM,31916452,-108711794
Lea,NM,32795765,-103415097
Lincoln,NM,33740041,-105455602
Los Alamos,NM,35865097,-106308527
Luna,NM,32180790,-107748657
McKinley,NM,35582671,-108259921
Mora,NM,36018034,-104939782
Otero,NM,32622624,-105726123
Quay,NM,35106344,-103551586
Rio,NM,36509143,-106697088
Roosevelt,NM,34018530,-103480021
Sandoval,NM,35687899,-106848434
San Juan,NM,36512598,-108323153
San Miguel,NM,35470038,-104827478
Santa Fe,NM,35508155,-105978176
Sierra,NM,33135598,-107185843
Socorro,NM,34016437,-106934282
Taos,NM,36569839,-105629539
Torrance,NM,34640111,-105854078
Union,NM,36475532,-103470806
Valencia,NM,34716689,-106804756
Churchill,NV,39602421,-118340938
Clark,NV,36201751,-115022815
Douglas,NV,38916313,-119613672
Elko,NV,41131015,-115354139
Esmeralda,NV,37785829,-117632074
Eureka,NV,39978797,-116269805
Humboldt,NV,41411069,-118116900
Lander,NV,39945697,-117026495
Lincoln,NV,37641515,-114875416
Lyon,NV,39012903,-119192374
Mineral,NV,38541887,-118427922
Nye,NV,38049845,-116451089
Pershing,NV,40445544,-118403097
Storey,NV,39446885,-119534827
Washoe,NV,40634414,-119684644
White Pine,NV,39435433,-114896275
Carson,NV,39148328,-119743243
Albany,NY,42602898,-73971738
Allegany,NY,42254909,-78021991
Bronx,NY,40848950,-73852624
Broome,NY,42164181,-75819672
Cattaraugus,NY,42240917,-78679107
Cayuga,NY,42944801,-76561355
Chautauqua,NY,42301517,-79412500
Chemung,NY,42140927,-76759986
Chenango,NY,42495443,-75615045
Clinton,NY,44740265,-73679454
Columbia,NY,42251434,-73630358
Cortland,NY,42599105,-76072518
Delaware,NY,42200760,-74964774
Dutchess,NY,41764453,-73747154
Erie,NY,42754950,-78784908
Essex,NY,44113105,-73767963
Franklin,NY,44600320,-74309128
Fulton,NY,43114979,-74423782
Genesee,NY,43000525,-78194557
Greene,NY,42292033,-74128747
Hamilton,NY,43655197,-74501200
Herkimer,NY,43411567,-74958575
Jefferson,NY,43994023,-76054296
Kings,NY,40635750,-73950611
Lewis,NY,43786335,-75449376
Livingston,NY,42727421,-77770368
Madison,NY,42911775,-75668201
Monroe,NY,43295268,-77688549
Montgomery,NY,42906210,-74436589
Nassau,NY,40732792,-73588401
New York,NY,40774364,-73972137
Niagara,NY,43323867,-78793919
Oneida,NY,43240624,-75438137
Onondaga,NY,43006600,-76196101
Ontario,NY,42852906,-77294965
Orange,NY,41402112,-74306348
Orleans,NY,43368193,-78228812
Oswego,NY,43466230,-76203861
Otsego,NY,42633690,-75035377
Putnam,NY,41431417,-73746355
Queens,NY,40656400,-73839526
Rensselaer,NY,42709750,-73513949
Richmond,NY,40562180,-74140403
Rockland,NY,41149750,-74026692
St. Lawrence,NY,44496564,-75072951
Saratoga,NY,43105938,-73867690
Schenectady,NY,42814907,-74065955
Schoharie,NY,42590974,-74439343
Schuyler,NY,42389814,-76876981
Seneca,NY,42785959,-76828702
Steuben,NY,42264234,-77385385
Suffolk,NY,40940536,-72679044
Sullivan,NY,41715260,-74764967
Tioga,NY,42166803,-76302894
Tompkins,NY,42451443,-76474722
Ulster,NY,41888944,-74257640
Warren,NY,43562908,-73844432
Washington,NY,43320093,-73430584
Wayne,NY,43283016,-77053546
Westchester,NY,41153598,-73753992
Wyoming,NY,42698873,-78228348
Yates,NY,42639454,-77104974
Adams,OH,38843296,-83477769
Allen,OH,40770280,-84106099
Ashland,OH,40843012,-82272140
Ashtabula,OH,41890073,-80755929
Athens,OH,39333812,-82046097
Auglaize,OH,40561253,-84223844
Belmont,OH,40017551,-80987417
Brown,OH,38932813,-83867153
Butler,OH,39438400,-84577398
Carroll,OH,40579814,-81091262
Champaign,OH,40141414,-83768165
Clark,OH,39917000,-83783722
Clermont,OH,39052324,-84150453
Clinton,OH,39411261,-83807878
Columbiana,OH,40769112,-80776727
Coshocton,OH,40301931,-81915091
Crawford,OH,40849353,-82923687
Cuyahoga,OH,41535933,-81659700
Darke,OH,40134201,-84622267
Defiance,OH,41320857,-84487509
Delaware,OH,40278272,-83007427
Erie,OH,41512729,-82614102
Fairfield,OH,39745644,-82628052
Fayette,OH,39564719,-83450830
Franklin,OH,39969700,-83009799
Fulton,OH,41596538,-84124544
Gallia,OH,38825385,-82320026
Geauga,OH,41498752,-81172537
Greene,OH,39694616,-83886488
Guernsey,OH,40049355,-81495979
Hamilton,OH,39196451,-84541524
Hancock,OH,40998346,-83665018
Hardin,OH,40660679,-83663687
Harrison,OH,40292840,-81092565
Henry,OH,41332796,-84068597
Highland,OH,39184030,-83604085
Hocking,OH,39496579,-82475783
Holmes,OH,40561116,-81929128
Huron,OH,41150165,-82601847
Jackson,OH,39020616,-82621663
Jefferson,OH,40382728,-80761686
Knox,OH,40398535,-82421969
Lake,OH,41816100,-81241142
Lawrence,OH,38594016,-82536254
Licking,OH,40090000,-82481737
Logan,OH,40387097,-83770366
Lorain,OH,41466200,-82154196
Lucas,OH,41678167,-83497155
Madison,OH,39896820,-83401323
Mahoning,OH,41017147,-80772601
Marion,OH,40585721,-83160746
Medina,OH,41117833,-81901405
Meigs,OH,39075823,-82019038
Mercer,OH,40541993,-84629032
Miami,OH,40053520,-84228387
Monroe,OH,39729247,-81079816
Montgomery,OH,39752100,-84290229
Morgan,OH,39612958,-81850797
Morrow,OH,40525913,-82797934
Muskingum,OH,39965646,-81946898
Noble,OH,39766920,-81453275
Ottawa,OH,41593455,-83056788
Paulding,OH,41117567,-84577226
Perry,OH,39735104,-82236075
Pickaway,OH,39639560,-83032285
Pike,OH,39083659,-83072020
Portage,OH,41171000,-81197599
Preble,OH,39742384,-84652255
Putnam,OH,41022141,-84128383
Richland,OH,40775350,-82536025
Ross,OH,39328618,-83059872
Sandusky,OH,41356640,-83145322
Scioto,OH,38806229,-82987386
Seneca,OH,41126893,-83125553
Shelby,OH,40328870,-84204745
Stark,OH,40814050,-81365774
Summit,OH,41129651,-81532341
Trumbull,OH,41315261,-80755132
Tuscarawas,OH,40446309,-81473953
Union,OH,40305099,-83374523
Van Wert,OH,40855603,-84585647
Vinton,OH,39250218,-82485640
Warren,OH,39429839,-84167334
Washington,OH,39460344,-81494182
Wayne,OH,40829618,-81889985
Williams,OH,41564595,-84584619
Wood,OH,41361006,-83622380
Wyandot,OH,40847753,-83303441
Adair,OK,35878036,-94658226
Alfalfa,OK,36731338,-98323046
Atoka,OK,34379391,-96046294
Beaver,OK,36752961,-100480776
Beckham,OK,35264820,-99688986
Blaine,OK,35877489,-98427986
Bryan,OK,33970162,-96254831
Caddo,OK,35182336,-98380745
Canadian,OK,35539318,-97980893
Carter,OK,34249137,-97286756
Cherokee,OK,35905744,-94998885
Choctaw,OK,34026995,-95553496
Cimarron,OK,36743901,-102515919
Cleveland,OK,35200821,-97328474
Coal,OK,34595613,-96300670
Comanche,OK,34655859,-98463570
Cotton,OK,34284831,-98373904
Craig,OK,36759826,-95217817
Creek,OK,35901840,-96372290
Custer,OK,35635738,-99005288
Delaware,OK,36414563,-94802479
Dewey,OK,35993079,-98996491
Ellis,OK,36214555,-99750152
Garfield,OK,36378521,-97784521
Garvin,OK,34709442,-97310735
Grady,OK,35019608,-97887040
Grant,OK,36798976,-97789295
Greer,OK,34930896,-99557685
Harmon,OK,34741972,-99844468
Harper,OK,36782669,-99652312
Haskell,OK,35225339,-95111182
Hughes,OK,35036022,-96256149
Jackson,OK,34586674,-99410293
Jefferson,OK,34099101,-97840491
Johnston,OK,34314652,-96655290
Kay,OK,36814882,-97143581
Kingfisher,OK,35941949,-97943210
Kiowa,OK,34920933,-98980696
Latimer,OK,34870002,-95241651
Le Flore,OK,34903005,-94701145
Lincoln,OK,35703034,-96881194
Logan,OK,35911613,-97453262
Love,OK,33953475,-97248514
McClain,OK,34999599,-97440429
McCurtain,OK,34113228,-94766327
McIntosh,OK,35375661,-95665740
Major,OK,36311312,-98541893
Marshall,OK,34025326,-96769483
Mayes,OK,36299893,-95236667
Murray,OK,34486166,-97072616
Muskogee,OK,35609351,-95379437
Noble,OK,36388652,-97237596
Nowata,OK,36793178,-95620470
Okfuskee,OK,35471468,-96326079
Oklahoma,OK,35548500,-97414951
Okmulgee,OK,35643966,-95965546
Osage,OK,36631222,-96395836
Ottawa,OK,36843759,-94810733
Pawnee,OK,36314100,-96696887
Payne,OK,36078009,-96974496
Pittsburg,OK,34925128,-95748811
Pontotoc,OK,34723619,-96694030
Pottawatomie,OK,35201997,-96944952
Pushmataha,OK,34415152,-95364329
Roger Mills,OK,35686725,-99703113
Rogers,OK,36365741,-95602914
Seminole,OK,35173411,-96608146
Sequoyah,OK,35497561,-94754786
Stephens,OK,34478097,-97855732
Texas,OK,36751898,-101483534
Tillman,OK,34376696,-98920417
Tulsa,OK,36120000,-95941351
Wagoner,OK,35958872,-95522791
Washington,OK,36722337,-95904266
Washita,OK,35289932,-98991939
Woods,OK,36765245,-98861452
Woodward,OK,36420829,-99260057
Baker,OR,44711780,-117673520
Benton,OR,44496872,-123428048
Clackamas,OR,45192752,-122209616
Clatsop,OR,46005966,-123711298
Columbia,OR,45945866,-123083527
Coos,OR,43184471,-124092310
Crook,OR,44131686,-120358943
Curry,OR,42472592,-124229902
Deschutes,OR,43914533,-121224278
Douglas,OR,43287160,-123181133
Gilliam,OR,45382978,-120207947
Grant,OR,44497814,-119003011
Harney,OR,43070633,-118970858
Hood River,OR,45522620,-121639725
Jackson,OR,42420584,-122736577
Jefferson,OR,44632684,-121171493
Josephine,OR,42362011,-123561043
Klamath,OR,42684837,-121646636
Lake,OR,42792238,-120385895
Lane,OR,43948124,-122876059
Lincoln,OR,44642350,-123908152
Linn,OR,44491682,-122526534
Malheur,OR,43205538,-117633581
Marion,OR,44908524,-122577765
Morrow,OR,45421674,-119566553
Multnomah,OR,45544157,-122414021
Polk,OR,44906346,-123417179
Sherman,OR,45408506,-120687486
Tillamook,OR,45455937,-123758294
Umatilla,OR,45593620,-118733709
Union,OR,45315046,-118011272
Wallowa,OR,45577481,-117172910
Wasco,OR,45163261,-121163151
Washington,OR,45555072,-123094570
Wheeler,OR,44725726,-120023209
Yamhill,OR,45226904,-123307997
Adams,PA,39869594,-77217656
Allegheny,PA,40468950,-79981194
Armstrong,PA,40812435,-79464222
Beaver,PA,40685765,-80352306
Bedford,PA,40010430,-78489624
Berks,PA,40415567,-75927702
Blair,PA,40470517,-78350837
Bradford,PA,41792808,-76518068
Bucks,PA,40337910,-75105075
Butler,PA,40908519,-79912075
Cambria,PA,40494070,-78715379
Cameron,PA,41441659,-78204884
Carbon,PA,40922705,-75702118
Centre,PA,40914266,-77818493
Chester,PA,39967135,-75751932
Clarion,PA,41191092,-79423449
Clearfield,PA,41000315,-78474173
Clinton,PA,41241450,-77636720
Columbia,PA,41051138,-76402903
Crawford,PA,41683512,-80107629
Cumberland,PA,40169850,-77265050
Dauphin,PA,40413168,-76786812
Delaware,PA,39917000,-75399299
Elk,PA,41418708,-78650566
Erie,PA,42103350,-80104148
Fayette,PA,39921104,-79649092
Forest,PA,41520744,-79236411
Franklin,PA,39927135,-77723804
Fulton,PA,39920382,-78109002
Greene,PA,39855311,-80222408
Huntingdon,PA,40414326,-77978030
Indiana,PA,40651719,-79086996
Jefferson,PA,41127291,-78999777
Juniata,PA,40530678,-77401666
Lackawanna,PA,41440400,-75610116
Lancaster,PA,40042000,-76250026
Lawrence,PA,40991788,-80334616
Lebanon,PA,40367234,-76457436
Lehigh,PA,40614472,-75589956
Luzerne,PA,41176500,-75991033
Lycoming,PA,41346444,-77060074
McKean,PA,41800645,-78566323
Mercer,PA,41305415,-80252937
Mifflin,PA,40608715,-77617844
Monroe,PA,41056916,-75336173
Montgomery,PA,40209368,-75370456
Montour,PA,41025235,-76662181
Northampton,PA,40752690,-75307559
Northumberland,PA,40850183,-76708228
Perry,PA,40397773,-77266435
Philadelphia,PA,40006817,-75134678
Pike,PA,41329641,-75033703
Potter,PA,41743791,-77899596
Schuylkill,PA,40704630,-76214305
Snyder,PA,40770942,-77076050
Somerset,PA,39973876,-79033390
Sullivan,PA,41446935,-76505484
Susquehanna,PA,41822731,-75800266
Tioga,PA,41773775,-77253772
Union,PA,40961867,-77064657
Venango,PA,41402128,-79762997
Warren,PA,41814825,-79272278
Washington,PA,40188779,-80247841
Wayne,PA,41650179,-75306389
Westmoreland,PA,40309275,-79465439
Wyoming,PA,41520492,-76019577
York,PA,39922000,-76727053
Bristol,RI,41704547,-71283797
Kent,RI,41676150,-71576875
Newport,RI,41511067,-71262391
Providence,RI,41871800,-71579802
Washington,RI,41388144,-71621520
Abbeville,SC,34227273,-82453021
Aiken,SC,33546053,-81638521
Allendale,SC,32990877,-81354905
Anderson,SC,34520050,-82638192
Bamberg,SC,33218686,-81050881
Barnwell,SC,33263886,-81437239
Beaufort,SC,32353242,-80693583
Berkeley,SC,33195151,-79950279
Calhoun,SC,33674718,-80780909
Charleston,SC,32820344,-79896313
Cherokee,SC,35048282,-81622753
Chester,SC,34691839,-81158515
Chesterfield,SC,34637952,-80158797
Clarendon,SC,33664767,-80217656
Colleton,SC,32844497,-80652023
Darlington,SC,34331851,-79955347
Dillon,SC,34390473,-79376200
Dorchester,SC,33081310,-80404485
Edgefield,SC,33769976,-81970777
Fairfield,SC,34396023,-81125623
Florence,SC,34023779,-79707319
Georgetown,SC,33414160,-79296224
Greenville,SC,34893133,-82370835
Greenwood,SC,34156258,-82128543
Hampton,SC,32779195,-81143056
Horry,SC,33910208,-78976174
Jasper,SC,32435176,-81024023
Kershaw,SC,34338999,-80587852
Lancaster,SC,34686633,-80704349
Laurens,SC,34484033,-82005370
Lee,SC,34158251,-80253474
Lexington,SC,33898782,-81270402
McCormick,SC,33899201,-82304716
Marion,SC,34080549,-79362044
Marlboro,SC,34601702,-79678127
Newberry,SC,34288986,-81599637
Oconee,SC,34753820,-83067436
Orangeburg,SC,33441547,-80798725
Pickens,SC,34888679,-82723847
Richland,SC,34030983,-80906595
Saluda,SC,34005308,-81728478
Spartanburg,SC,34931638,-81990754
Sumter,SC,33916406,-80382110
Union,SC,34692678,-81616539
Williamsburg,SC,33616602,-79727888
York,SC,34970035,-81182972
Aurora,SD,43716927,-98566832
Beadle,SD,44412058,-98278016
Bennett,SD,43184184,-101660099
Bon Homme,SD,42992990,-97883432
Brookings,SD,44365823,-96793380
Brown,SD,45597080,-98352618
Brule,SD,43718229,-99064599
Buffalo,SD,44083964,-99200583
Butte,SD,44909143,-103491262
Campbell,SD,45760522,-100047744
Charles Mix,SD,43206188,-98594708
Clark,SD,44860191,-97727360
Clay,SD,42917104,-96973744
Codington,SD,44976256,-97178708
Corson,SD,45720628,-101184324
Custer,SD,43680419,-103456829
Davison,SD,43680526,-98155557
Day,SD,45369448,-97605347
Deuel,SD,44760936,-96669191
Dewey,SD,45158592,-100875318
Douglas,SD,43391366,-98358100
Edmunds,SD,45413325,-99209666
Fall River,SD,43245477,-103516358
Faulk,SD,45068683,-99149587
Grant,SD,45173035,-96771809
Gregory,SD,43197644,-99178480
Haakon,SD,44302329,-101532194
Hamlin,SD,44680601,-97195229
Hand,SD,44546951,-99004167
Hanson,SD,43664959,-97788912
Harding,SD,45590649,-103497581
Hughes,SD,44393092,-99986777
Hutchinson,SD,43335361,-97747586
Hyde,SD,44554626,-99482159
Jackson,SD,43697000,-101636476
Jerauld,SD,44062161,-98622396
Jones,SD,43951780,-100685817
Kingsbury,SD,44368957,-97489808
Lake,SD,44019624,-97121663
Lawrence,SD,44363726,-103790858
Lincoln,SD,43279420,-96721935
Lyman,SD,43900473,-99849729
McCook,SD,43669909,-97361956
McPherson,SD,45765065,-99223900
Marshall,SD,45762753,-97601540
Meade,SD,44566385,-102713481
Mellette,SD,43580181,-100761006
Miner,SD,44023103,-97609958
Minnehaha,SD,43681463,-96785900
Moody,SD,44022801,-96672420
Pennington,SD,44006945,-102820047
Perkins,SD,45496378,-102482944
Potter,SD,45064126,-99949695
Roberts,SD,45623555,-96947565
Sanborn,SD,44025361,-98090440
Shannon,SD,43331777,-102547032
Spink,SD,44939872,-98346522
Stanley,SD,44400340,-100748171
Sully,SD,44714831,-100130900
Todd,SD,43179627,-100728883
Tripp,SD,43341691,-99883842
Turner,SD,43310084,-97151173
Union,SD,42831916,-96651542
Walworth,SD,45427712,-100027351
Yankton,SD,43008961,-97386759
Ziebach,SD,44982242,-101669433
Anderson,TN,36112832,-84197066
Bedford,TN,35513756,-86458047
Benton,TN,36069009,-88071640
Bledsoe,TN,35598757,-85207162
Blount,TN,35686901,-83925565
Bradley,TN,35153889,-84859853
Campbell,TN,36405561,-84146314
Cannon,TN,35810088,-86062841
Carroll,TN,35976257,-88452112
Carter,TN,36295910,-82128917
Cheatham,TN,36266733,-87079844
Chester,TN,35425075,-88609154
Claiborne,TN,36483926,-83662483
Clay,TN,36554418,-85543285
Cocke,TN,35926194,-83120093
Coffee,TN,35491586,-86074545
Crockett,TN,35810366,-89132681
Cumberland,TN,35951401,-84997337
Davidson,TN,36168900,-86784641
Decatur,TN,35605487,-88105680
DeKalb,TN,35979470,-85833312
Dickson,TN,36153651,-87361508
Dyer,TN,36057273,-89411842
Fayette,TN,35188741,-89413304
Fentress,TN,36384006,-84927652
Franklin,TN,35151502,-86097176
Gibson,TN,35999277,-88930092
Giles,TN,35202363,-87035741
Grainger,TN,36277124,-83510921
Greene,TN,36173342,-82846031
Grundy,TN,35392309,-85720116
Hamblen,TN,36217813,-83266137
Hamilton,TN,35181708,-85167580
Hancock,TN,36525586,-83219764
Hardeman,TN,35203033,-88996804
Hardin,TN,35195383,-88186344
Hawkins,TN,36435910,-82948661
Haywood,TN,35580088,-89286435
Henderson,TN,35654930,-88386314
Henry,TN,36327336,-88298902
Hickman,TN,35800109,-87474381
Houston,TN,36282538,-87713578
Humphreys,TN,36032690,-87773093
Jackson,TN,36355165,-85670208
Jefferson,TN,36050118,-83447215
Johnson,TN,36457805,-81858900
Knox,TN,35992500,-83937408
Lake,TN,36341338,-89492300
Lauderdale,TN,35757434,-89634774
Lawrence,TN,35223766,-87393263
Lewis,TN,35521788,-87494841
Lincoln,TN,35140702,-86588480
Loudon,TN,35734401,-84312001
McMinn,TN,35424689,-84618065
McNairy,TN,35175253,-88564230
Macon,TN,36529222,-86005371
Madison,TN,35608057,-88838707
Marion,TN,35127629,-85610305
Marshall,TN,35467106,-86766868
Maury,TN,35615798,-87076364
Meigs,TN,35514694,-84810033
Monroe,TN,35447590,-84250833
Montgomery,TN,36495480,-87381542
Moore,TN,35284220,-86357414
Morgan,TN,36131087,-84641665
Obion,TN,36361447,-89146594
Overton,TN,36343800,-85285354
Perry,TN,35635531,-87868156
Pickett,TN,36558238,-85079045
Polk,TN,35126323,-84515542
Putnam,TN,36139518,-85496221
Rhea,TN,35608595,-84918053
Roane,TN,35847249,-84522972
Robertson,TN,36525008,-86870201
Rutherford,TN,35843234,-86416543
Scott,TN,36433287,-84513935
Sequatchie,TN,35369655,-85412463
Sevier,TN,35782564,-83520848
Shelby,TN,35184300,-89892262
Smith,TN,36248527,-85957049
Stewart,TN,36499703,-87837981
Sullivan,TN,36514955,-82299835
Sumner,TN,36467611,-86456380
Tipton,TN,35492198,-89757474
Trousdale,TN,36393167,-86156392
Unicoi,TN,36103068,-82427883
Union,TN,36281919,-83838534
Van Buren,TN,35693182,-85462045
Warren,TN,35677516,-85776728
Washington,TN,36293700,-82497179
Wayne,TN,35235790,-87786972
Weakley,TN,36294905,-88716884
White,TN,35926720,-85454978
Williamson,TN,35893759,-86899195
Wilson,TN,36157815,-86298660
Anderson,TX,31812084,-95647441
Andrews,TX,32298585,-102639393
Angelina,TX,31256099,-94606858
Aransas,TX,28095649,-96987988
Archer,TX,33614468,-98690961
Armstrong,TX,34965951,-101352778
Atascosa,TX,28889887,-98527509
Austin,TX,29883407,-96277412
Bailey,TX,34067427,-102829715
Bandera,TX,29736098,-99230642
Bastrop,TX,30103798,-97311543
Baylor,TX,33626664,-99215518
Bee,TX,28417263,-97740424
Bell,TX,31037453,-97475901
Bexar,TX,29448583,-98519868
Blanco,TX,30267305,-98399450
Borden,TX,32739076,-101426367
Bosque,TX,31901794,-97629102
Bowie,TX,33445682,-94422660
Brazoria,TX,29169166,-95435296
Brazos,TX,30661650,-96300526
Brewster,TX,29807048,-103245707
Briscoe,TX,34525630,-101206877
Brooks,TX,27041691,-98211783
Brown,TX,31771917,-98998381
Burleson,TX,30493350,-96621407
Burnet,TX,30783602,-98184677
Caldwell,TX,29836706,-97613817
Calhoun,TX,28436184,-96605182
Callahan,TX,32291665,-99371110
Cameron,TX,26149481,-97449175
Camp,TX,32973045,-94978874
Carson,TX,35405426,-101354862
Cass,TX,33071051,-94345845
Castro,TX,34534122,-102256718
Chambers,TX,29703602,-94679441
Cherokee,TX,31835463,-95166649
Childress,TX,34536440,-100202132
Clay,TX,33789854,-98205021
Cochran,TX,33603881,-102830864
Coke,TX,31883748,-100530717
Coleman,TX,31772823,-99454126
Collin,TX,33184602,-96577641
Collingsworth,TX,34967149,-100269645
Colorado,TX,29621759,-96518732
Comal,TX,29810502,-98283519
Comanche,TX,31950806,-98557533
Concho,TX,31332458,-99863987
Cooke,TX,33637623,-97212517
Coryell,TX,31391048,-97797886
Cottle,TX,34081223,-100274555
Crane,TX,31411048,-102521101
Crockett,TX,30731935,-101408540
Crosby,TX,33612604,-101297568
Culberson,TX,31445363,-104523738
Dallam,TX,36286684,-102593764
Dallas,TX,32766851,-96778007
Dawson,TX,32742354,-101947095
Deaf Smith,TX,34973393,-102602399
Delta,TX,33386586,-95674455
Denton,TX,33204366,-97117642
DeWitt,TX,29080906,-97355051
Dickens,TX,33620179,-100779070
Dimmit,TX,28424499,-99749168
Donley,TX,34962252,-100811225
Duval,TX,27683283,-98523719
Eastland,TX,32331043,-98827763
Ector,TX,31865200,-102542114
Edwards,TX,29971228,-100300348
Ellis,TX,32350178,-96793045
El Paso,TX,31769320,-106241145
Erath,TX,32233970,-98215626
Falls,TX,31257512,-96931593
Fannin,TX,33588237,-96105154
Fayette,TX,29864754,-96926304
Fisher,TX,32740941,-100398597
Floyd,TX,34073713,-101303050
Foard,TX,33980906,-99777656
Fort Bend,TX,29532940,-95773554
Franklin,TX,33175706,-95218629
Freestone,TX,31702338,-96147950
Frio,TX,28864972,-99107956
Gaines,TX,32740335,-102639610
Galveston,TX,29380498,-94858410
Garza,TX,33181125,-101299846
Gillespie,TX,30312721,-98949835
Glasscock,TX,31867275,-101532036
Goliad,TX,28651680,-97425216
Gonzales,TX,29451275,-97494484
Gray,TX,35409477,-100814547
Grayson,TX,33623821,-96676295
Gregg,TX,32484661,-94810546
Grimes,TX,30548859,-95978548
Guadalupe,TX,29583050,-97948367
Hale,TX,34074288,-101826044
Hall,TX,34521376,-100692559
Hamilton,TX,31703376,-98110174
Hansford,TX,36279070,-101352290
Hardeman,TX,34289676,-99745284
Hardin,TX,30336011,-94393144
Harris,TX,29856850,-95392677
Harrison,TX,32547759,-94370569
Hartley,TX,35841078,-102607584
Haskell,TX,33179200,-99729590
Hays,TX,30057564,-98029527
Hemphill,TX,35833579,-100280445
Henderson,TX,32210163,-95852317
Hidalgo,TX,26396343,-98184820
Hill,TX,31993448,-97131872
Hockley,TX,33605835,-102342916
Hood,TX,32433954,-97834554
Hopkins,TX,33149020,-95561957
Houston,TX,31317506,-95429180
Howard,TX,32309140,-101439033
Hudspeth,TX,31452136,-105374221
Hunt,TX,33122740,-96085312
Hutchinson,TX,35837384,-101361364
Irion,TX,31302962,-100980244
Jack,TX,33236089,-98175532
Jackson,TX,28944158,-96576023
Jasper,TX,30740786,-94026774
Jeff Davis,TX,30716095,-104134891
Jefferson,TX,29859568,-94140023
Jim Hogg,TX,27048922,-98678037
Jim Wells,TX,27733396,-98090400
Johnson,TX,32377955,-97364638
Jones,TX,32738590,-99882423
Karnes,TX,28905185,-97864268
Kaufman,TX,32596811,-96284033
Kendall,TX,29950477,-98703562
Kenedy,TX,26926476,-97616195
Kent,TX,33186492,-100770987
Kerr,TX,30062193,-99348662
Kimble,TX,30491302,-99749899
King,TX,33614091,-100251840
Kinney,TX,29352365,-100417548
Kleberg,TX,27427354,-97661874
Knox,TX,33608582,-99743207
Lamar,TX,33667163,-95570216
Lamb,TX,34068807,-102347526
Lampasas,TX,31194425,-98239911
La Salle,TX,28344299,-99100392
Lavaca,TX,29383845,-96937616
Lee,TX,30306715,-96956390
Leon,TX,31300326,-95999974
Liberty,TX,30148954,-94812381
Limestone,TX,31544771,-96583032
Lipscomb,TX,36276316,-100271621
Live Oak,TX,28351117,-98126619
Llano,TX,30705177,-98684898
Loving,TX,31844703,-103567326
Lubbock,TX,33611700,-101819891
Lynn,TX,33178193,-101815569
McCulloch,TX,31196882,-99346716
McLennan,TX,31550629,-97200593
McMullen,TX,28346140,-98567388
Madison,TX,30966550,-95930373
Marion,TX,32798342,-94357498
Martin,TX,32302906,-101960705
Mason,TX,30717774,-99220381
Matagorda,TX,28784392,-95997565
Maverick,TX,28746977,-100320605
Medina,TX,29353808,-99110186
Menard,TX,30898389,-99822558
Midland,TX,31888607,-102000015
Milam,TX,30789011,-96975258
Mills,TX,31495886,-98593910
Mitchell,TX,32302220,-100923210
Montague,TX,33672186,-97725133
Montgomery,TX,30299724,-95501898
Moore,TX,35835871,-101890081
Morris,TX,33117936,-94731150
Motley,TX,34084735,-100789278
Nacogdoches,TX,31611655,-94613766
Navarro,TX,32049290,-96474324
Newton,TX,30782101,-93746804
Nolan,TX,32308326,-100398609
Nueces,TX,27736587,-97521053
Ochiltree,TX,36278773,-100814586
Oldham,TX,35399278,-102595807
Orange,TX,30125520,-93894312
Palo Pinto,TX,32747826,-98305804
Panola,TX,32162806,-94306867
Parker,TX,32777999,-97805805
Parmer,TX,34528179,-102779388
Pecos,TX,30781391,-102723149
Polk,TX,30797514,-94830439
Potter,TX,35397205,-101894774
Presidio,TX,29998304,-104229258
Rains,TX,32869941,-95796204
Randall,TX,34968492,-101900395
Reagan,TX,31358564,-101523572
Real,TX,29841002,-99806875
Red River,TX,33618415,-95051014
Reeves,TX,31321483,-103682964
Refugio,TX,28320913,-97168737
Roberts,TX,35833390,-100806360
Robertson,TX,31027267,-96514023
Rockwall,TX,32892657,-96409279
Runnels,TX,31833126,-99968457
Rusk,TX,32105284,-94757408
Sabine,TX,31342577,-93850139
San Augustine,TX,31397248,-94180302
San Jacinto,TX,30575046,-95162686
San Patricio,TX,28005082,-97522009
San Saba,TX,31155153,-98814685
Schleicher,TX,30899605,-100538965
Scurry,TX,32745829,-100916695
Shackelford,TX,32730322,-99354834
Shelby,TX,31791634,-94141742
Sherman,TX,36280020,-101893135
Smith,TX,32375250,-95271428
Somervell,TX,32221652,-97771429
Starr,TX,26574537,-98733280
Stephens,TX,32738118,-98839489
Sterling,TX,31824140,-101045062
Stonewall,TX,33177940,-100252273
Sutton,TX,30495859,-100541264
Swisher,TX,34529503,-101731838
Tarrant,TX,32770451,-97293284
Taylor,TX,32311387,-99880794
Terrell,TX,30226009,-102066907
Terry,TX,33171110,-102338855
Throckmorton,TX,33183624,-99214984
Titus,TX,33217645,-94968314
Tom Green,TX,31409637,-100457118
Travis,TX,30333300,-97779406
Trinity,TX,31093348,-95124857
Tyler,TX,30768905,-94379095
Upshur,TX,32734950,-94941393
Upton,TX,31364072,-102042245
Uvalde,TX,29350099,-99760754
Val Verde,TX,29894131,-101151496
Van Zandt,TX,32557969,-95835238
Victoria,TX,28796000,-96970943
Walker,TX,30737951,-95573906
Waller,TX,30013363,-95981994
Ward,TX,31510529,-103101512
Washington,TX,30213697,-96405463
Webb,TX,27770428,-99327204
Wharton,TX,29277302,-96216514
Wheeler,TX,35397156,-100267035
Wichita,TX,33990204,-98707740
Wilbarger,TX,34084244,-99241684
Willacy,TX,26493711,-97598146
Williamson,TX,30644320,-97598344
Wilson,TX,29174034,-98085622
Winkler,TX,31859680,-103047453
Wise,TX,33215455,-97652699
Wood,TX,32781919,-95381557
Yoakum,TX,33175036,-102824205
Young,TX,33177251,-98698171
Zapata,TX,26999964,-99183083
Zavala,TX,28864352,-99759662
Beaver,UT,38340778,-113228751
Box Elder,UT,41514922,-113097137
Cache,UT,41690981,-111748944
Carbon,UT,39643915,-110582783
Daggett,UT,40889907,-109505044
Davis,UT,41014827,-112123475
Duchesne,UT,40281647,-110435306
Emery,UT,38990178,-110690249
Garfield,UT,37873550,-111438826
Grand,UT,38993569,-109559034
Iron,UT,37856501,-113276939
Juab,UT,39711399,-112795948
Kane,UT,37292567,-111893833
Millard,UT,39046589,-113104745
Morgan,UT,41081323,-111579140
Piute,UT,38335937,-112129709
Rich,UT,41619014,-111238688
Salt Lake,UT,40670711,-111925494
San Juan,UT,37631161,-109805024
Sanpete,UT,39373352,-111575157
Sevier,UT,38746559,-111797045
Summit,UT,40883639,-110965855
Tooele,UT,40445422,-113182152
Uintah,UT,40125578,-109518320
Utah,UT,40117393,-111669709
Wasatch,UT,40332732,-111158793
Washington,UT,37278485,-113516741
Wayne,UT,38364135,-110897030
Weber,UT,41295677,-111917425
Accomack,VA,37762281,-75763999
Albemarle,VA,38025947,-78556228
Alleghany,VA,37784462,-80013426
Amelia,VA,37337386,-77977328
Amherst,VA,37611246,-79142385
Appomattox,VA,37369929,-78810027
Arlington,VA,38878726,-77101909
Augusta,VA,38171554,-79133094
Bath,VA,38058846,-79736146
Bedford,VA,37311688,-79528785
Bland,VA,37132211,-81126687
Botetourt,VA,37551711,-79804515
Brunswick,VA,36764459,-77858651
Buchanan,VA,37266622,-82035524
Buckingham,VA,37568550,-78525376
Campbell,VA,37211710,-79091261
Caroline,VA,38025805,-77348448
Carroll,VA,36734719,-80734321
Charles City,VA,37351613,-77061381
Charlotte,VA,37008090,-78661932
Chesterfield,VA,37378206,-77588420
Clarke,VA,39116395,-77996976
Craig,VA,37486962,-80215803
Culpeper,VA,38486067,-77956946
Cumberland,VA,37514670,-78239480
Dickenson,VA,37116635,-82351260
Dinwiddie,VA,37076433,-77630071
Essex,VA,37944415,-76951431
Fairfax,VA,38833867,-77276396
Fauquier,VA,38740657,-77808543
Floyd,VA,36936010,-80363170
Fluvanna,VA,37844377,-78278911
Franklin,VA,36993220,-79880814
Frederick,VA,39205592,-78262947
Giles,VA,37319108,-80697854
Gloucester,VA,37403209,-76522841
Goochland,VA,37717585,-77925906
Grayson,VA,36652520,-81228499
Greene,VA,38297914,-78470800
Greensville,VA,36674526,-77562483
Halifax,VA,36766677,-78938306
Hanover,VA,37760263,-77491262
Henrico,VA,37550800,-77404166
Henry,VA,36670869,-79884458
Highland,VA,38350324,-79556297
Isle of Wight,VA,36907042,-76711212
James City,VA,37311647,-76770737
King and Queen,VA,37720303,-76901789
King George,VA,38264541,-77154814
King William,VA,37703021,-77096684
Lancaster,VA,37707716,-76410883
Lee,VA,36707070,-83128996
Loudoun,VA,39093182,-77636626
Louisa,VA,37987057,-77957028
Lunenburg,VA,36947001,-78241394
Madison,VA,38409177,-78281290
Mathews,VA,37418661,-76279226
Mecklenburg,VA,36683622,-78365114
Middlesex,VA,37610869,-76506992
Montgomery,VA,37171177,-80394412
Nelson,VA,37792026,-78884353
New Keny,VA,37506203,-76997788
Northampton,VA,37301001,-75925725
Northumberland,VA,37857955,-76379084
Nottoway,VA,37141409,-78054668
Orange,VA,38240198,-78011777
Page,VA,38613652,-78481544
Patrick,VA,36681768,-80285090
Pittsylvania,VA,36820155,-79397333
Powhatan,VA,37546060,-77916362
Prince Edward,VA,37218313,-78443070
Prince George,VA,37186767,-77221211
Prince William,VA,38704050,-77477783
Pulaski,VA,37063187,-80713855
Rappahannock,VA,38687336,-78168603
Richmond,VA,37938524,-76724393
Roanoke,VA,37268550,-80079453
Rockbridge,VA,37814645,-79446196
Rockingham,VA,38515309,-78876339
Russell,VA,36937887,-82095390
Scott,VA,36718623,-82601454
Shenandoah,VA,38861886,-78568095
Smyth,VA,36844951,-81533542
Southampton,VA,36723556,-77106580
Spotsylvania,VA,38179795,-77650521
Stafford,VA,38413096,-77452829
Surry,VA,37119825,-76890536
Sussex,VA,36926372,-77258771
Tazewell,VA,37125510,-81563049
Warren,VA,38908123,-78206974
Washington,VA,36724220,-81961173
Westmoreland,VA,38113533,-76803864
Wise,VA,36974565,-82621677
Wythe,VA,36921075,-81085048
York,VA,37223614,-76439212
Alexandria,VA,38821000,-77086178
Bedford,VA,37337818,-79521114
Bristol,VA,36613216,-82168103
Buena Vista,VA,37731693,-79357099
Charlottesville,VA,38037450,-78485745
Chesapeake,VA,36678812,-76308771
Clifton,VA,37823468,-79825532
Colonial Heights,VA,37264000,-77398786
Covington,VA,37777966,-79990271
Danville,VA,36583187,-79408300
Emporia,VA,36694793,-77536704
Fairfax,VA,38853650,-77298227
Falls Church,VA,38885050,-77174558
Franklin,VA,36680804,-76935967
Fredericksburg,VA,38299252,-77487129
Galax,VA,36664502,-80917721
Hampton,VA,37055150,-76291910
Harrisonburg,VA,38436724,-78873976
Hopewell,VA,37290565,-77298425
Lexington,VA,37782292,-79444621
Lynchburg,VA,37401217,-79191434
Manassas,VA,38747400,-77485372
Manassas Park,VA,38773267,-77452060
Martinsville,VA,36683477,-79863824
Newport News,VA,37075850,-76514160
Norfolk,VA,36923200,-76244943
Norton,VA,36931339,-82626090
Petersburg,VA,37204350,-77392576
Poquoson,VA,37153396,-76290436
Portsmouth,VA,36855534,-76356410
Radford,VA,37124075,-80558897
Richmond,VA,37531050,-77474584
Roanoke,VA,37278400,-79958399
Salem,VA,37286650,-80056418
South Boston,VA,36707791,-78906246
Staunton,VA,38158808,-79062277
Suffolk,VA,36703293,-76638147
Virginia Beach,VA,36770134,-76014740
Waynesboro,VA,38069502,-78902634
Williamsburg,VA,37270008,-76706855
Winchester,VA,39174479,-78175001
Addison,VT,44030571,-73142548
Bennington,VT,43029341,-73108405
Caledonia,VT,44459934,-72098806
Chittenden,VT,44453700,-73087693
Essex,VT,44731851,-71720604
Franklin,VT,44860121,-72908992
Grand Isle,VT,44795372,-73290953
Lamoille,VT,44607105,-72646320
Orange,VT,44008230,-72381605
Orleans,VT,44829184,-72250933
Rutland,VT,43574204,-73035050
Washington,VT,44269630,-72621309
Windham,VT,42986237,-72717598
Windsor,VT,43570621,-72570174
Adams,WA,46988989,-118556910
Asotin,WA,46182485,-117185020
Benton,WA,46247641,-119501530
Chelan,WA,47876957,-120641356
Clallam,WA,48109502,-123931203
Clark,WA,45773673,-122484295
Columbia,WA,46301584,-117915368
Cowlitz,WA,46190773,-122682163
Douglas,WA,47739947,-119694857
Ferry,WA,48469558,-118508651
Franklin,WA,46536896,-118904770
Garfield,WA,46433948,-117534760
Grant,WA,47207843,-119466316
Grays Harbor,WA,47147370,-123829002
Island,WA,48154178,-122575880
Jefferson,WA,47844076,-123575786
King,WA,47444506,-121844283
Kitsap,WA,47640250,-122647374
Kittitas,WA,47124405,-120675562
Klickitat,WA,45873750,-120789119
Lewis,WA,46577736,-122398304
Lincoln,WA,47572051,-118414206
Mason,WA,47350607,-123184950
Okanogan,WA,48549908,-119746130
Pacific,WA,46560890,-123780620
Pend Oreille,WA,48534841,-117282483
Pierce,WA,47048300,-122113229
San Juan,WA,48570365,-122973197
Skagit,WA,48476786,-121781902
Skamania,WA,46026291,-121913533
Snohomish,WA,48044416,-121713679
Spokane,WA,47619550,-117402999
Stevens,WA,48397024,-117852805
Thurston,WA,46925123,-122827505
Wahkiakum,WA,46293398,-123427978
Walla Walla,WA,46225991,-118478365
Whatcom,WA,48833747,-121900129
Whitman,WA,46886676,-117519057
Yakima,WA,46455639,-120738899
Adams,WI,43967112,-89773485
Ashland,WI,46708333,-90558463
Barron,WI,45418223,-91852830
Bayfield,WI,46631235,-91182816
Brown,WI,44475233,-87993704
Buffalo,WI,44378606,-91752438
Burnett,WI,45865601,-92367816
Calumet,WI,44078234,-88221545
Chippewa,WI,45067529,-91282372
Clark,WI,44730612,-90610237
Columbia,WI,43471189,-89329917
Crawford,WI,43232808,-90930812
Dane,WI,43066828,-89418327
Dodge,WI,43415772,-88708026
Door,WI,45020683,-87009973
Douglas,WI,46450846,-91906262
Dunn,WI,44947560,-91897593
Eau Claire,WI,44726606,-91286578
Florence,WI,45851098,-88399329
Fond du Lac,WI,43755355,-88490804
Forest,WI,45667573,-88777119
Grant,WI,42863327,-90707582
Green,WI,42682273,-89601700
Green Lake,WI,43807656,-89044233
Iowa,WI,42997920,-90133868
Iron,WI,46326395,-90261543
Jackson,WI,44315222,-90808375
Jefferson,WI,43020464,-88780296
Juneau,WI,43923262,-90112162
Kenosha,WI,42582298,-87805528
Kewaunee,WI,44589317,-87440146
La Crosse,WI,43907641,-91110152
Lafayette,WI,42659420,-90135229
Langlade,WI,45255568,-89071360
Lincoln,WI,45329846,-89732421
Manitowoc,WI,44145467,-87553328
Marathon,WI,44897926,-89757776
Marinette,WI,45342922,-88001038
Marquette,WI,43817826,-89393777
Menominee,WI,45019069,-88699885
Milwaukee,WI,42975611,-87671417
Monroe,WI,43945115,-90619581
Oconto,WI,44994496,-88228660
Oneida,WI,45704915,-89524257
Outagamie,WI,44411623,-88461577
Ozaukee,WI,43249500,-87501558
Pepin,WI,44597146,-92001352
Pierce,WI,44715928,-92423203
Polk,WI,45460060,-92442921
Portage,WI,44475670,-89498457
Price,WI,45680277,-90361480
Racine,WI,42784761,-87755094
Richland,WI,43377179,-90426645
Rock,WI,42671533,-89068438
Rusk,WI,45475093,-91135458
St. Croix,WI,45038874,-92446895
Sauk,WI,43427344,-89943585
Sawyer,WI,45898597,-91142137
Shawano,WI,44789692,-88756369
Sheboygan,WI,43715696,-87663102
Taylor,WI,45211478,-90504533
Trempealeau,WI,44304911,-91352132
Vernon,WI,43592530,-90833450
Vilas,WI,46053337,-89512639
Walworth,WI,42668076,-88541597
Washburn,WI,45900106,-91791144
Washington,WI,43366763,-88230896
Waukesha,WI,43017613,-88306396
Waupaca,WI,44478883,-88965700
Waushara,WI,44112576,-89238252
Winnebago,WI,44062273,-88643463
Wood,WI,44450552,-90041620
Barbour,WV,39129849,-79998348
Berkeley,WV,39467095,-78025717
Boone,WV,38020883,-81719842
Braxton,WV,38703282,-80731279
Brooke,WV,40269700,-80584356
Cabell,WV,38418436,-82241701
Calhoun,WV,38843699,-81117714
Clay,WV,38460407,-81074645
Doddridge,WV,39260436,-80700569
Fayette,WV,38031135,-81087168
Gilmer,WV,38918256,-80854153
Grant,WV,39101933,-79196749
Greenbrier,WV,37949802,-80450076
Hampshire,WV,39313728,-78613302
Hancock,WV,40521032,-80580986
Hardy,WV,39005336,-78863351
Harrison,WV,39286675,-80383296
Jackson,WV,38833209,-81672301
Jefferson,WV,39307105,-77863627
Kanawha,WV,38342352,-81525708
Lewis,WV,38995933,-80505532
Lincoln,WV,38177845,-82070911
Logan,WV,37825660,-81938543
McDowell,WV,37371586,-81648191
Marion,WV,39512047,-80242751
Marshall,WV,39872410,-80671747
Mason,WV,38772922,-82022311
Mercer,WV,37405805,-81113567
Mineral,WV,39415225,-78941624
Mingo,WV,37728488,-82135768
Monongalia,WV,39625612,-80051298
Monroe,WV,37561255,-80544308
Morgan,WV,39561866,-78260773
Nicholas,WV,38290255,-80796399
Ohio,WV,40096746,-80617313
Pendleton,WV,38683748,-79355805
Pleasants,WV,39371449,-81162542
Pocahontas,WV,38322017,-80007876
Preston,WV,39469459,-79668297
Putnam,WV,38509356,-81905932
Raleigh,WV,37775947,-81255664
Randolph,WV,38780276,-79868127
Ritchie,WV,39178478,-81066113
Roane,WV,38715480,-81358358
Summers,WV,37656684,-80857020
Taylor,WV,39340219,-80047974
Tucker,WV,39103552,-79566944
Tyler,WV,39465448,-80879427
Upshur,WV,38900603,-80231820
Wayne,WV,38149958,-82433107
Webster,WV,38494635,-80434785
Wetzel,WV,39610273,-80640864
Wirt,WV,39019027,-81384729
Wood,WV,39212523,-81514126
Wyoming,WV,37609826,-81541200
Albany,WY,41649318,-105743583
Big Horn,WY,44525535,-107987498
Campbell,WY,44240112,-105548641
Carbon,WY,41691252,-106930485
Converse,WY,42974893,-105504181
Crook,WY,44590082,-104564077
Fremont,WY,43028429,-108628992
Goshen,WY,42089336,-104355497
Hot Springs,WY,43713999,-108443811
Johnson,WY,44039657,-106587406
Laramie,WY,41315457,-104686018
Lincoln,WY,42260038,-110702663
Natrona,WY,42965153,-106804612
Niobrara,WY,43050603,-104473411
Park,WY,44493416,-109563230
Platte,WY,42129337,-104961471
Sheridan,WY,44794111,-106882060
Sublette,WY,42761068,-109919619
Sweetwater,WY,41657588,-108894093
Teton,WY,43922545,-110573554
Uinta,WY,41285990,-110546505
Washakie,WY,43907220,-107684285
Weston,WY,43835646,-104563095
